,filename
0,COMPACTTV-2023-09-12-C274.mp4
1,COMPACTTV-2022-03-08-C865.m4v
2,COMPACTTV-2023-08-03-C332.mov
3,COMPACTTV-2022-08-18-C748.m4v
4,COMPACTTV-2023-04-27-C465.mp4
5,COMPACTTV-2023-02-16-C547.m4v
6,COMPACTTV-2023-06-20-C387.mp4
7,COMPACTTV-2022-05-31-C810.m4v
8,COMPACTTV-2022-09-06-C731.mp4
9,COMPACTTV-2023-04-11-C481.mp4
10,COMPACTTV-2023-03-16-C510.m4v
11,COMPACTTV-2023-10-05-C247.mp4
12,COMPACTTV-2022-10-06-C684.mp4
13,COMPACTTV-2023-08-01-C334.mov
14,COMPACTTV-2024-02-01-C89.mp4
15,COMPACTTV-2023-05-30-C420.mov
16,COMPACTTV-2022-08-04-C764.m4v
17,COMPACTTV-2022-01-20-C903.m4v
18,COMPACTTV-2022-04-28-C833.m4v
19,COMPACTTV-2022-11-24-C629.mov
20,COMPACTTV-2022-05-12-C823.m4v
21,COMPACTTV-2022-02-03-C892.m4v
22,COMPACTTV-2023-10-12-C234.mp4
23,COMPACTTV-2023-12-21-C143.mp4
24,COMPACTTV-2023-02-28-C530.mp4
25,COMPACTTV-2022-06-23-C792.m4v
26,COMPACTTV-2023-12-19-C146.mp4
27,COMPACTTV-2022-05-19-C818.m4v
28,COMPACTTV-2022-09-08-C727.m4v
29,COMPACTTV-2022-09-08-C728.mp4
30,COMPACTTV-2023-06-29-C376.mp4
31,COMPACTTV-2023-08-10-C322.mp4
32,COMPACTTV-2022-09-27-C696.mp4
33,COMPACTTV-2023-11-30-C168.mp4
34,COMPACTTV-2023-02-23-C537.mp4
35,COMPACTTV-2024-02-22-C61.mp4
36,COMPACTTV-2023-06-01-C417.mp4
37,COMPACTTV-2022-09-15-C715.mp4
38,COMPACTTV-2022-01-13-C909.m4v
39,COMPACTTV-2023-01-05-C594.m4v
40,COMPACTTV-2022-02-15-C881.m4v
41,COMPACTTV-2022-11-03-C649.m4v
42,COMPACTTV-2024-02-13-C72.mp4
43,COMPACTTV-2024-03-07-C37.mp4
44,COMPACTTV-2024-03-19-C19.mp4
45,COMPACTTV-2023-04-04-C488.m4v
46,COMPACTTV-2022-11-22-C632.mov
47,COMPACTTV-2023-06-08-C404.mov
48,COMPACTTV-2023-08-08-C325.mp4
49,COMPACTTV-2022-10-20-C664.mp4
50,COMPACTTV-2023-12-14-C153.mp4
51,COMPACTTV-2022-04-21-C838.m4v
52,COMPACTTV-2024-03-14-C25.mp4
53,COMPACTTV-2024-01-04-C127.mp4
54,COMPACTTV-2023-08-15-C317.mp4
55,COMPACTTV-2024-02-08-C78.mp4
56,COMPACTTV-2023-11-07-C202.mp4
57,COMPACTTV-2023-01-24-C571.m4v
58,COMPACTTV-2023-07-13-C357.mp4
59,COMPACTTV-2023-01-10-C587.m4v
60,COMPACTTV-2023-09-19-C265.mp4
61,COMPACTTV-2023-05-09-C450.mkv
62,COMPACTTV-2023-08-29-C291.mp4
63,COMPACTTV-2022-11-15-C639.m4v
64,COMPACTTV-2022-11-29-C626.m4v
65,COMPACTTV-2022-03-03-C869.m4v
66,COMPACTTV-2023-08-15-C315.mp4
67,COMPACTTV-2023-12-28-C136.mp4
68,COMPACTTV-2023-06-13-C399.mov
69,COMPACTTV-2023-02-23-C536.m4v
70,COMPACTTV-2022-10-06-C683.m4v
71,COMPACTTV-2022-07-26-C771.m4v
72,COMPACTTV-2023-01-17-C582.mov
73,COMPACTTV-2023-08-29-C292.mp4
74,COMPACTTV-2024-03-14-C26.mp4
75,COMPACTTV-2023-03-09-C520.m4v
76,COMPACTTV-2023-05-30-C419.mp4
77,COMPACTTV-2022-06-07-C806.m4v
78,COMPACTTV-2022-10-04-C688.m4v
79,COMPACTTV-2023-06-13-C398.mp4
80,COMPACTTV-2022-09-27-C697.mp4
81,COMPACTTV-2023-06-15-C396.mov
82,COMPACTTV-2023-04-25-C469.mp4
83,COMPACTTV-2023-11-07-C201.mp4
84,COMPACTTV-2022-10-13-C672.mp4
85,COMPACTTV-2023-03-02-C527.m4v
86,COMPACTTV-2022-03-24-C856.m4v
87,COMPACTTV-2022-08-23-C744.m4v
88,COMPACTTV-2023-06-27-C380.mp4
89,COMPACTTV-2022-08-25-C738.mp4
90,COMPACTTV-2023-05-09-C449.mkv
91,COMPACTTV-2022-06-16-C797.m4v
92,COMPACTTV-2024-03-19-C18.mp4
93,COMPACTTV-2023-07-27-C341.mp4
94,COMPACTTV-2022-10-13-C671.m4v
95,COMPACTTV-2022-03-15-C862.m4v
96,COMPACTTV-2022-11-01-C651.m4v
97,COMPACTTV-2024-01-11-C117.mp4
98,COMPACTTV-2022-11-01-C652.mp4
99,COMPACTTV-2023-07-04-C369.mp4
100,COMPACTTV-2022-04-07-C846.m4v
101,COMPACTTV-2023-07-27-C340.mp4
102,COMPACTTV-2022-09-13-C720.mp4
103,COMPACTTV-2022-07-05-C784.mp4
104,COMPACTTV-2022-01-27-C897.m4v
105,COMPACTTV-2022-12-29-C599.wmv
106,COMPACTTV-2023-11-23-C180.mp4
107,COMPACTTV-2024-02-06-C81.mp4
108,COMPACTTV-2023-07-11-C359.mp4
109,COMPACTTV-2023-11-28-C173.mp4
110,COMPACTTV-2024-01-25-C99.mp4
111,COMPACTTV-2022-03-01-C871.m4v
112,COMPACTTV-2024-01-11-C116.mp4
113,COMPACTTV-2023-09-26-C258.mp4
114,COMPACTTV-2024-01-25-C98.mp4
115,COMPACTTV-2023-12-14-C154.mp4
116,COMPACTTV-2023-04-27-C466.mp4
117,COMPACTTV-2022-03-17-C860.m4v
118,COMPACTTV-2022-09-22-C705.mp4
119,COMPACTTV-2023-01-03-C596.m4v
120,COMPACTTV-2022-12-13-C612.m4v
121,COMPACTTV-2022-02-01-C894.m4v
122,COMPACTTV-2023-06-27-C379.mp4
123,COMPACTTV-2022-12-06-C619.m4v
124,COMPACTTV-2023-02-21-C539.m4v
125,COMPACTTV-2023-05-04-C455.mp4
126,COMPACTTV-2023-12-21-C144.mov
127,COMPACTTV-2024-01-23-C102.mp4
128,COMPACTTV-2022-12-01-C624.m4v
129,COMPACTTV-2023-05-11-C446.mp4
130,COMPACTTV-2023-01-24-C572.mp4
131,COMPACTTV-2023-01-19-C579.mp4
132,COMPACTTV-2024-01-09-C120.mp4
133,COMPACTTV-2022-02-17-C879.m4v
134,COMPACTTV-2022-06-16-C799.m4v
135,COMPACTTV-2022-01-25-C899.m4v
136,COMPACTTV-2023-04-04-C489.mov
137,COMPACTTV-2023-12-12-C155.mp4
138,COMPACTTV-2023-03-28-C497.m4v
139,COMPACTTV-2023-03-21-C505.m4v
140,COMPACTTV-2023-04-27-C464.m4v
141,COMPACTTV-2023-05-02-C457.mp4
142,COMPACTTV-2022-09-20-C709.mp4
143,COMPACTTV-2022-02-08-C889.m4v
144,COMPACTTV-2023-04-25-C468.m4v
145,COMPACTTV-2022-10-11-C676.mp4
146,COMPACTTV-2022-06-14-C801.m4v
147,COMPACTTV-2023-10-05-C246.mp4
148,COMPACTTV-2022-06-09-C804.m4v
149,COMPACTTV-2023-04-20-C474.m4v
150,COMPACTTV-2023-11-28-C172.mp4
151,COMPACTTV-2022-08-23-C743.m4v
152,COMPACTTV-2023-12-19-C147.mp4
153,COMPACTTV-2024-01-16-C111.mp4
154,COMPACTTV-2023-03-23-C503.m4v
155,COMPACTTV-2022-01-20-C904.m4v
156,COMPACTTV-2023-08-24-C302.mp4
157,COMPACTTV-2023-12-28-C135.mp4
158,COMPACTTV-2024-01-25-C100.mp4
159,COMPACTTV-2022-08-23-C742.m4v
160,COMPACTTV-2022-08-25-C739.mp4
161,COMPACTTV-2024-03-26-C8.mp4
162,COMPACTTV-2022-01-06-C915.m4v
163,COMPACTTV-2023-11-23-C182.mp4
164,COMPACTTV-2022-08-16-C752.mp4
165,COMPACTTV-2023-03-30-C494.mp4
166,COMPACTTV-2022-10-25-C659.m4v
167,COMPACTTV-2023-05-09-C451.mp4
168,COMPACTTV-2023-10-26-C217.mp4
169,COMPACTTV-2023-11-02-C208.mp4
170,COMPACTTV-2023-08-22-C305.mp4
171,COMPACTTV-2022-04-26-C835.m4v
172,COMPACTTV-2022-09-29-C693.m4v
173,COMPACTTV-2022-08-18-C747.m4v
174,COMPACTTV-2023-01-10-C588.mp4
175,COMPACTTV-2023-10-31-C209.mp4
176,COMPACTTV-2023-01-31-C563.m4v
177,COMPACTTV-2022-07-12-C779.m4v
178,COMPACTTV-2023-06-15-C395.mp4
179,COMPACTTV-2022-01-04-C917.m4v
180,COMPACTTV-2022-03-22-C857.m4v
181,COMPACTTV-2023-05-16-C439.mp4
182,COMPACTTV-2023-06-01-C416.mp4
183,COMPACTTV-2023-09-05-C282.mp4
184,COMPACTTV-2023-10-24-C220.mp4
185,COMPACTTV-2023-07-18-C351.mp4
186,COMPACTTV-2022-06-02-C808.m4v
187,COMPACTTV-2022-04-14-C841.mp4
188,COMPACTTV-2022-12-20-C606.m4v
189,COMPACTTV-2023-02-09-C557.mp4
190,COMPACTTV-2022-09-22-C704.m4v
191,COMPACTTV-2023-01-26-C569.m4v
192,COMPACTTV-2023-08-22-C306.mp4
193,COMPACTTV-2023-09-28-C256.mp4
194,COMPACTTV-2022-08-04-C763.m4v
195,COMPACTTV-2023-05-25-C427.mov
196,COMPACTTV-2022-01-11-C912.m4v
197,COMPACTTV-2023-06-06-C409.mp4
198,COMPACTTV-2023-10-12-C235.mp4
199,COMPACTTV-2022-06-16-C800.m4v
200,COMPACTTV-2024-03-28-C6.mp4
201,COMPACTTV-2024-01-30-C91.mp4
202,COMPACTTV-2022-06-21-C794.m4v
203,COMPACTTV-2022-07-19-C775.m4v
204,COMPACTTV-2022-12-08-C617.m4v
205,COMPACTTV-2023-01-17-C581.m4v
206,COMPACTTV-2023-05-23-C433.mov
207,COMPACTTV-2024-01-04-C128.mp4
208,COMPACTTV-2023-10-24-C219.mp4
209,COMPACTTV-2023-09-07-C280.mp4
210,COMPACTTV-2022-01-13-C910.m4v
211,COMPACTTV-2023-03-07-C523.mp4
212,COMPACTTV-2022-09-13-C718.m4v
213,COMPACTTV-2022-11-17-C637.mp4
214,COMPACTTV-2024-01-18-C109.mp4
215,COMPACTTV-2024-02-15-C70.mp4
216,COMPACTTV-2022-10-27-C656.m4v
217,COMPACTTV-2022-11-10-C643.mov
218,COMPACTTV-2022-07-19-C777.m4v
219,COMPACTTV-2023-08-15-C316.mp4
220,COMPACTTV-2022-11-17-C636.m4v
221,COMPACTTV-2023-03-14-C514.m4v
222,COMPACTTV-2023-03-28-C498.mp4
223,COMPACTTV-2024-03-12-C29.mp4
224,COMPACTTV-2022-05-24-C815.m4v
225,COMPACTTV-2023-06-06-C408.mov
226,COMPACTTV-2022-07-28-C768.m4v
227,COMPACTTV-2023-08-24-C301.mp4
228,COMPACTTV-2022-10-18-C666.m4v
229,COMPACTTV-2023-03-16-C512.mp4
230,COMPACTTV-2023-02-02-C561.m4v
231,COMPACTTV-2023-04-13-C479.mov
232,COMPACTTV-2022-05-03-C830.m4v
233,COMPACTTV-2022-09-15-C714.m4v
234,COMPACTTV-2022-09-06-C730.m4v
235,COMPACTTV-2023-06-20-C388.mp4
236,COMPACTTV-2024-02-29-C48.mp4
237,COMPACTTV-2022-12-22-C604.m4v
238,COMPACTTV-2022-03-29-C853.m4v
239,COMPACTTV-2023-02-07-C559.m4v
240,COMPACTTV-2023-11-28-C171.mp4
241,COMPACTTV-2022-06-16-C798.m4v
242,COMPACTTV-2022-04-21-C839.m4v
243,COMPACTTV-2022-05-17-C820.m4v
244,COMPACTTV-2024-01-11-C118.mp4
245,COMPACTTV-2022-09-27-C695.mp4
246,COMPACTTV-2023-10-24-C218.mp4
247,COMPACTTV-2022-12-27-C601.mov
248,COMPACTTV-2023-11-30-C166.mp4
249,COMPACTTV-2023-02-09-C556.m4v
250,COMPACTTV-2023-08-03-C331.mp4
251,COMPACTTV-2022-03-31-C851.m4v
252,COMPACTTV-2023-02-16-C548.mp4
253,COMPACTTV-2022-07-21-C773.m4v
254,COMPACTTV-2023-05-23-C431.mp4
255,COMPACTTV-2022-02-10-C887.m4v
256,COMPACTTV-2024-01-02-C130.mp4
257,COMPACTTV-2023-03-07-C522.m4v
258,COMPACTTV-2022-04-05-C848.m4v
259,COMPACTTV-2022-07-19-C776.m4v
260,COMPACTTV-2023-01-12-C585.m4v
261,COMPACTTV-2022-08-04-C762.m4v
262,COMPACTTV-2023-07-18-C352.mov
263,COMPACTTV-2023-05-23-C432.mp4
264,COMPACTTV-2024-03-21-C17.mp4
265,COMPACTTV-2023-11-14-C190.mp4
266,COMPACTTV-2023-05-11-C447.mov
267,COMPACTTV-2023-05-16-C440.mp4
268,COMPACTTV-2023-06-06-C407.mp4
269,COMPACTTV-2023-12-07-C160.mp4
270,COMPACTTV-2022-08-16-C753.mp4
271,COMPACTTV-2022-06-30-C787.m4v
272,COMPACTTV-2022-10-25-C658.m4v
273,COMPACTTV-2023-07-04-C368.mp4
274,COMPACTTV-2022-10-11-C675.mov
275,COMPACTTV-2023-03-16-C511.mp4
276,COMPACTTV-2022-12-15-C610.m4v
277,COMPACTTV-2022-02-24-C875.m4v
278,COMPACTTV-2022-10-06-C685.mov
279,COMPACTTV-2022-02-15-C882.m4v
280,COMPACTTV-2022-11-08-C646.m4v
281,COMPACTTV-2024-02-20-C63.mp4
282,COMPACTTV-2022-05-05-C828.m4v
283,COMPACTTV-2022-01-18-C906.m4v
284,COMPACTTV-2022-07-07-C782.m4v
285,COMPACTTV-2023-08-15-C314.mp4
286,COMPACTTV-2022-09-08-C729.mp4
287,COMPACTTV-2023-11-28-C170.mp4
288,COMPACTTV-2022-09-13-C719.mp4
289,COMPACTTV-2023-02-14-C551.m4v
290,COMPACTTV-2023-01-19-C578.m4v
291,COMPACTTV-2023-04-18-C476.m4v
292,COMPACTTV-2023-07-13-C356.mp4
293,COMPACTTV-2023-11-30-C167.mp4
294,COMPACTTV-2022-06-28-C789.m4v
295,COMPACTTV-2023-11-07-C200.mp4
296,COMPACTTV-2023-11-23-C181.mp4
297,COMPACTTV-2023-11-16-C187.mp4
298,COMPACTTV-2023-04-06-C486.m4v
