,filename,channel
0,aWlRVENGeDhXSEU=.mp4,BILD TV
1,dFYtbWF4NGVIdzQ=.mp4,BILD TV
2,SmJkU3ZFRWpJWjg=.mp4,BILD TV
3,VjdOTUtGc3NpVmc=.mp4,BILD TV
4,TDVDZFZ3cFJlcWs=.mp4,BILD TV
5,c3gxRVRoMFd5V1k=.mp4,BILD TV
6,TUZyYUdWaXZZMFU=.mp4,BILD TV
7,dXNxTWd2S255X1U=.mp4,BILD TV
8,MTJYY2JIU1l0VEU=.mp4,BILD TV
9,eDlySlJ4ZWNNajQ=.mp4,BILD TV
10,RE5QNFk5eWhsa1U=.mp4,BILD TV
11,RnRZNURoT05qVm8=.mp4,BILD TV
12,Wlh4S041YmYzbjg=.mp4,BILD TV
13,RDVhREs3WWZ4YkE=.mp4,BILD TV
14,aHlnREEzZlpraHM=.mp4,BILD TV
15,Q0h3NlVmWkppNE0=.mp4,BILD TV
16,R283dWJUQ1R6SUk=.mp4,BILD TV
17,Z0dVd0h3NnlmWGs=.mp4,BILD TV
18,VEtzM2ZiaEw3VWM=.mp4,BILD TV
19,TWhpWXRLb2F4T00=.mp4,BILD TV
20,MndLaHhnWXJ6QTg=.mp4,BILD TV
21,TDcwS2FRcEVvbXc=.mp4,BILD TV
22,MUZiTUFpOWNVM28=.mp4,BILD TV
23,OTRNS3RBLThtZlE=.mp4,BILD TV
24,blRCUWpLay1WNkk=.mp4,BILD TV
25,ODhXRS1zVlloRFk=.mp4,BILD TV
26,aEJVTFZyZkR0SmM=.mp4,BILD TV
27,YzRSRmZXUmpYSGM=.mp4,BILD TV
28,djZubVRvQ1dLTUU=.mp4,BILD TV
29,Q19mdzctaG5TMlk=.mp4,BILD TV
30,Mlh1ZVB6bEo4X3M=.mp4,BILD TV
31,MU5aX2s1RVF4MTA=.mp4,BILD TV
32,UGg5LXQ1OEpLczQ=.mp4,BILD TV
33,a0hJR3I1VFJpRXc=.mp4,BILD TV
34,VnEyN0pITFBqb3c=.mp4,BILD TV
35,Z09oWFNZLVEybUE=.mp4,BILD TV
36,UVRPVXotNmhlN28=.mp4,BILD TV
37,LXN2Vi1kbW9EeG8=.mp4,BILD TV
38,LXVacEl5UFdzRzQ=.mp4,BILD TV
39,S3RSLWdYU1lDWlk=.mp4,BILD TV
40,bFBrNlpVa1FFZVE=.mp4,BILD TV
41,MGtQcTBXVlptOFU=.mp4,BILD TV
42,MFZSS0Q4RFJ0NlE=.mp4,BILD TV
43,ZnAyMHJydE1ZN2s=.mp4,BILD TV
44,cUNNOE9fMkNzdnM=.mp4,BILD TV
45,M2NRdTBydFgxa3M=.mp4,BILD TV
46,NUw4Q3lLWUZWdGc=.mp4,BILD TV
47,MUQxTkc1c0J2OVU=.mp4,BILD TV
48,R2N2TWZJTzRzQzQ=.mp4,BILD TV
49,YXZONGdUVzJ2Y2c=.mp4,BILD TV
50,ZTBad1RzcHJuV2M=.mp4,BILD TV
51,NUtHZ1A0Zi03VWc=.mp4,BILD TV
52,azMyTGlNTmRGYm8=.mp4,BILD TV
53,S2tiNU50bnRadDA=.mp4,BILD TV
54,LVFsel9KV3JQam8=.mp4,BILD TV
55,eWpRankxS29VenM=.mp4,BILD TV
56,N09lb3MtNkZnbFk=.mp4,BILD TV
57,QnNHSnN4aFNFeGc=.mp4,BILD TV
58,UEdTRm9sTkFhdWc=.mp4,BILD TV
59,NHE4YzRIRmJVanM=.mp4,BILD TV
60,TDV4aHUyWWM5dnM=.mp4,BILD TV
61,YkJiOXBLWjFqZ1E=.mp4,BILD TV
62,SWxCak5yazN0akE=.mp4,BILD TV
63,OEIzRFZ2eFBKNzA=.mp4,BILD TV
64,TjYzcGRHM055RUk=.mp4,BILD TV
65,dGlOMU4weU5ucHc=.mp4,BILD TV
66,UnM4Nkd6Wi16LXc=.mp4,BILD TV
67,c2xCOEVoZ3BJak0=.mp4,BILD TV
68,bFZ6WHhhejc3UDQ=.mp4,BILD TV
69,TV9IbVRSR1djVWM=.mp4,BILD TV
70,czVyN1hJbWNEeEU=.mp4,BILD TV
71,N0VuS01jalBsbzg=.mp4,BILD TV
72,ZTdTdnI4UTV1UkU=.mp4,BILD TV
73,OV9CV0llWm9qaWs=.mp4,BILD TV
74,VDJSMzRaYkJSUnM=.mp4,BILD TV
75,WDFvVm1jcXBoOVk=.mp4,BILD TV
76,YXRFcXZpSGlUekU=.mp4,BILD TV
77,aWNKeldVSTRYSmM=.mp4,BILD TV
78,Mnp2YldaWlo2QXc=.mp4,BILD TV
79,bmZVa0ZhdklMSFk=.mp4,BILD TV
80,dE1sbnFRcnNER2M=.mp4,BILD TV
81,VGM5X1BwZ3dMYnM=.mp4,BILD TV
82,Y3ZHZk9hSHl6RDQ=.mp4,BILD TV
83,TVdjRERDSVdkZzg=.mp4,BILD TV
84,MlE5RVlBUVNhM0U=.mp4,BILD TV
85,S1BtbUdaV1Z6cVk=.mp4,BILD TV
86,eGlzamhOaTZyWjg=.mp4,BILD TV
87,dmV2clljLVJLd0E=.mp4,ZDFheute Nachrichten
88,VndyLXM3QndydFk=.mp4,ZDFheute Nachrichten
89,eVVBWkxSa28ybXc=.mp4,ZDFheute Nachrichten
90,MUF1ell5bjVFWjQ=.mp4,ZDFheute Nachrichten
91,aVlzR1QwUjFZS0U=.mp4,ZDFheute Nachrichten
92,XzNqOGVVOHdUcDA=.mp4,ZDFheute Nachrichten
93,cV9Ybk9kLW5hb3c=.mp4,ZDFheute Nachrichten
94,d2dfYmYwRnVOTnc=.mp4,ZDFheute Nachrichten
95,Q3FaRHg4M1dlN3c=.mp4,ZDFheute Nachrichten
96,c0IyTzJZTWRBYlE=.mp4,ZDFheute Nachrichten
97,cFlNdUpFckpQOTA=.mp4,ZDFheute Nachrichten
98,d1N6by1fZzhrWFk=.mp4,ZDFheute Nachrichten
99,dDdKWm5mcVY0VFU=.mp4,ZDFheute Nachrichten
100,ZzRFZFk0alQ5cnM=.mp4,ZDFheute Nachrichten
101,RDBINmllZWVaMnc=.mp4,ZDFheute Nachrichten
102,Y3c0TzlPdFc4WnM=.mp4,ZDFheute Nachrichten
103,dTZsMDZ4Smo3dEE=.mp4,ZDFheute Nachrichten
104,ejVZamswRW1BMTQ=.mp4,ZDFheute Nachrichten
105,WHRfbG8ycWUyZkk=.mp4,ZDFheute Nachrichten
106,YVhldmd4T21OSkk=.mp4,ZDFheute Nachrichten
107,OFhnYUsyWk1IVUk=.mp4,ZDFheute Nachrichten
108,M0ZQZ1RlYVBaYzQ=.mp4,ZDFheute Nachrichten
109,VkI4R0lMYzVCaW8=.mp4,ZDFheute Nachrichten
110,UEx3SXpPMkc1ejQ=.mp4,ZDFheute Nachrichten
111,REhjRFF3Ym91VVk=.mp4,ZDFheute Nachrichten
112,V0FJNWlQa3RlaDQ=.mp4,ZDFheute Nachrichten
113,ZUQ4cWR5OTV0RGM=.mp4,ZDFheute Nachrichten
114,SFJiWURIMmkwUjg=.mp4,ZDFheute Nachrichten
115,LXNuRDA5NW9scTA=.mp4,ZDFheute Nachrichten
116,enpUTEJPTHNPRVU=.mp4,ZDFheute Nachrichten
117,R3hJTlprRV9udVE=.mp4,ZDFheute Nachrichten
118,UHdJd1VBSnlvTjQ=.mp4,ZDFheute Nachrichten
119,b095eDZ6bnh0MG8=.mp4,ZDFheute Nachrichten
120,T1VJckozU3VnbVk=.mp4,ZDFheute Nachrichten
121,aWpQU1hhWlBIVms=.mp4,ZDFheute Nachrichten
122,TG90VlpGdnRtTEU=.mp4,ZDFheute Nachrichten
123,R1FRZG11UFhtS1E=.mp4,ZDFheute Nachrichten
124,bk5ycFFEMEU3aDg=.mp4,ZDFheute Nachrichten
125,dktzUEExNHUwbFU=.mp4,ZDFheute Nachrichten
126,WVk1TXlJSnl5YkU=.mp4,ZDFheute Nachrichten
127,ME9Hc3lFSEc2Y0E=.mp4,ZDFheute Nachrichten
128,NnlFa1NnWllRMHc=.mp4,ZDFheute Nachrichten
129,QTl1d05GX0Z0N2M=.mp4,ZDFheute Nachrichten
130,TXU0SFMxUkk1bkU=.mp4,ZDFheute Nachrichten
131,YnFEYkc5QjBlREk=.mp4,ZDFheute Nachrichten
132,N0loTE5mN3lseW8=.mp4,ZDFheute Nachrichten
133,T2ZmaHdqQndhSFE=.mp4,ZDFheute Nachrichten
134,STNjVXNxRmU0ZkU=.mp4,ZDFheute Nachrichten
135,YVRNanFjcFVsQTQ=.mp4,ZDFheute Nachrichten
136,aXlEa3huQ2VvTFU=.mp4,ZDFheute Nachrichten
137,TGhHVWFNX1dWOW8=.mp4,ZDFheute Nachrichten
138,ai1Jc0lFMEM0M0k=.mp4,ZDFheute Nachrichten
139,Wldja29Xb2xCZjA=.mp4,ZDFheute Nachrichten
140,Y2hjc0FzR0NnYVU=.mp4,ZDFheute Nachrichten
141,RTdkY2ctTWl6eW8=.mp4,ZDFheute Nachrichten
142,RzlKbVBiaXB4X0k=.mp4,ZDFheute Nachrichten
143,cnkzOXJ0T1Bac1U=.mp4,ZDFheute Nachrichten
144,c25acFNnTkxQS0U=.mp4,ZDFheute Nachrichten
145,ckVPVTNNQTM1Q0U=.mp4,ZDFheute Nachrichten
146,c1BOU1I4Z0ZZTkk=.mp4,ZDFheute Nachrichten
147,Q0ZicXdnS3ZRa2s=.mp4,ZDFheute Nachrichten
148,LUhXTjlRZnVQbnM=.mp4,ZDFheute Nachrichten
149,eWNFbUxJeEUySTA=.mp4,ZDFheute Nachrichten
150,bmFmb01ybUd0bFU=.mp4,ZDFheute Nachrichten
151,OTdjampEZlA3X3M=.mp4,ZDFheute Nachrichten
152,Vm1rX1dwWWdNUW8=.mp4,ZDFheute Nachrichten
153,X2ZsYUVlNDl0aHc=.mp4,ZDFheute Nachrichten
154,dHVMS0RTeDlRZ3c=.mp4,ZDFheute Nachrichten
155,VWpaOWdER3N1aTA=.mp4,ZDFheute Nachrichten
156,Q1oyYnB1QzhaWWs=.mp4,ZDFheute Nachrichten
157,SG5Da0o3ZVI5b3c=.mp4,ZDFheute Nachrichten
158,cXJUdHNxMDJLeG8=.mp4,ZDFheute Nachrichten
159,ZzBpOW1KbTJvNk0=.mp4,ZDFheute Nachrichten
160,SHNDZVpaejZNTFk=.mp4,ZDFheute Nachrichten
161,ZGt0UUVRM3JaaEE=.mp4,ZDFheute Nachrichten
162,NzZQdlRIdVNsd28=.mp4,ZDFheute Nachrichten
163,UkFZNjZtUTZaV1k=.mp4,ZDFheute Nachrichten
164,RXZjZGhhdF9ycWM=.mp4,ZDFheute Nachrichten
165,b2lDeVR2UWd2THM=.mp4,ZDFheute Nachrichten
166,OFRsbVRtOFpWV0k=.mp4,ZDFheute Nachrichten
167,OGN5ZVBpWW1rLU0=.mp4,ZDFheute Nachrichten
168,TnpkWWozZWNTSnM=.mp4,ZDFheute Nachrichten
169,XzN1Wm0wVFFvSDA=.mp4,ZDFheute Nachrichten
170,UXdFVEVoSU5LRnc=.mp4,ZDFheute Nachrichten
171,SDA1RzdpdVl3UXM=.mp4,ZDFheute Nachrichten
172,OGpiU2JVbExvWk0=.mp4,ZDFheute Nachrichten
173,LUY5ODE5WUtWZlE=.mp4,ZDFheute Nachrichten
174,WUU4a2RhRVV5NjA=.mp4,ZDFheute Nachrichten
175,elprVWk2by1KTzA=.mp4,ZDFheute Nachrichten
176,d3ZOVnFWZjlkaHc=.mp4,ZDFheute Nachrichten
177,a0VZLWlocWRJMUE=.mp4,ZDFheute Nachrichten
178,M1JKT2ZHUDd6NUE=.mp4,ZDFheute Nachrichten
179,QWpMc0JmX1RHV00=.mp4,ZDFheute Nachrichten
180,WERHeVBLRllHTzQ=.mp4,ZDFheute Nachrichten
181,VFFiaGhmOVlnZVk=.mp4,ZDFheute Nachrichten
182,LUViRmlrQzJOdzA=.mp4,ZDFheute Nachrichten
183,QVN6YndTamtYLWc=.mp4,ZDFheute Nachrichten
184,MUE0ZEpfcDJRSk0=.mp4,ZDFheute Nachrichten
185,OHpVX08xYUd1Qkk=.mp4,ZDFheute Nachrichten
186,WnVxTkxCLTFRTjQ=.mp4,ZDFheute Nachrichten
187,ZVdIT1V2S1dDUVk=.mp4,ZDFheute Nachrichten
188,dXVXR1ZieXBrUlE=.mp4,ZDFheute Nachrichten
189,eGp3U2RZQkQxY0U=.mp4,ZDFheute Nachrichten
190,UFdFcGtWaG1nUkE=.mp4,ZDFheute Nachrichten
191,dThwd2duSlhfNFE=.mp4,ZDFheute Nachrichten
192,dFcwUlRsam5qdlU=.mp4,WELT
193,RUVjMlRMT0lMVTA=.mp4,WELT
194,Y2gzeFgwNkx3ckU=.mp4,WELT
195,WlFpakNkLVNsY1U=.mp4,WELT
196,WkEzVUJzd2lkSjQ=.mp4,WELT
197,TVpGSVBvelBLMDA=.mp4,WELT
198,a1NVVFM0SVBOXzQ=.mp4,WELT
199,RlpFQlJRNWJEUUk=.mp4,WELT
200,czQzNXdRam05UVE=.mp4,WELT
201,RF9sTmVGTWFCZkE=.mp4,WELT
202,Mlh6SmRHS0RUd1U=.mp4,WELT
203,c2x6bHQ0M09HU0k=.mp4,WELT
204,bVc1R1dUdGRIY0k=.mp4,WELT
205,czFGeXBORjRPdFU=.mp4,WELT
206,ZER0b1FreVdGM1E=.mp4,WELT
207,Y0dsaWx4XzBfRFU=.mp4,WELT
208,WnV2ckhVOGp1NUE=.mp4,WELT
209,QnZjT2UyT3NMUmM=.mp4,WELT
210,RVVIQlZWSmlzckU=.mp4,WELT
211,V3hIRmo2OEp4Mm8=.mp4,WELT
212,ZkpPLW55TmI0dWs=.mp4,WELT
213,U2hLX19MTkhmNFk=.mp4,WELT
214,U2wxdTBzeEw0VWc=.mp4,WELT
215,aXNQUVlySDJZX3c=.mp4,WELT
216,SnZLM0c0eDBpTmc=.mp4,WELT
217,U2t4dWZrZzhrZGc=.mp4,WELT
218,OFlvdk5XcEY5b1k=.mp4,WELT
219,bjhxdzM4dkt5MWc=.mp4,WELT
220,MFlucnRQYzNKV2c=.mp4,WELT
221,WFlsdG1XeGhXeVU=.mp4,WELT
222,VWwzV3VhOWVSYXc=.mp4,WELT
223,b2VIbDR2aDd6ODQ=.mp4,WELT
224,ZGhyWndIYld4cEU=.mp4,WELT
225,R0I2VDlucW5sNlk=.mp4,WELT
226,bU4zN09RNURUdnc=.mp4,WELT
227,dkZYUE0wWVBKc3M=.mp4,WELT
228,OEtoTy1CT0V5Rlk=.mp4,WELT
229,Z2FQbndxUHd5QlE=.mp4,WELT
230,Yy1aQkhQU21ILWM=.mp4,WELT
231,T1lsOHh6ajN1VU0=.mp4,WELT
232,dk9qUEprMHBaMUU=.mp4,WELT
233,UDhjbWtJSmlyS00=.mp4,WELT
234,WldMMHJnZ1RhQ0k=.mp4,WELT
235,VjB3XzczbU1oVTg=.mp4,WELT
236,cGw0ZlRuTWgtMzQ=.mp4,WELT
237,LUZmR083aFdlNnc=.mp4,WELT
238,LWVOMU56X0NsZmM=.mp4,WELT
239,dHR6djBqMTB0cmc=.mp4,WELT
240,RzNnNHEtNVZyS1k=.mp4,WELT
241,RmpZTXQwaXpYQ2c=.mp4,WELT
242,RTJUeEFMV2JtVGs=.mp4,WELT
243,STNJbHMzWWdMeDg=.mp4,WELT
244,ME8xd0VHTWNRNGM=.mp4,WELT
245,WENnYkR3ZXo0NFE=.mp4,WELT
246,N1c5c1FsT0cxdm8=.mp4,WELT
247,ZlFNc1NjMXNTT3c=.mp4,WELT
248,ZlR2RUx2S3BVSWs=.mp4,WELT
249,MmpJRGFncG9Qb2c=.mp4,WELT
250,ZThKTlQxc2ZwdkE=.mp4,WELT
251,N3EtSmhJb0JvNkE=.mp4,WELT
252,RjFCRkhPMWhGOWs=.mp4,WELT
253,dGlhRHA4UUtReGs=.mp4,WELT
254,RGpXVW90cTdQWDQ=.mp4,WELT
255,RmZZZGE2QUk2T2c=.mp4,WELT
256,bGhMTXRxVzVPWFU=.mp4,WELT
257,NWJZd2JRZ3RraGc=.mp4,WELT
258,T29idHdTTnZrTkU=.mp4,WELT
259,S2dIaEN5MUJ2YVU=.mp4,WELT
260,Y3Jwc0RFaWxGblU=.mp4,WELT
261,OU5wdHFsRTRKaTQ=.mp4,WELT
262,dHYyOWNIaEJUalU=.mp4,WELT
263,WDduNV9CaUJzMkE=.mp4,WELT
264,emFWc0xxdktJb1U=.mp4,WELT
265,bWF5dTRUeE5vT1U=.mp4,WELT
266,a3p3RHdQLXJaWVE=.mp4,WELT
267,ZHZ6LXpWS0EzV2s=.mp4,WELT
268,QUx5TnYzVmVsZE0=.mp4,WELT
269,ck1oWXdLRGFqRUk=.mp4,WELT
270,eGVEdFRkSFZ2N0E=.mp4,WELT
271,THZWMlV5bE0wUEE=.mp4,WELT
272,YTVhYVltcUR3MjQ=.mp4,WELT
273,Zl85czJOTWlHcWs=.mp4,WELT
274,d1JaNXZDdFFDWGM=.mp4,WELT
275,eWh6SGJZazBVMEk=.mp4,ZDFheute Nachrichten
276,Ym4xTkhMR2lESlU=.mp4,WELT
277,UUpxR3lpcTJGSXM=.mp4,BILD TV
278,TEw1cDdIdlhmbXM=.mp4,BILD TV
279,ZUpYcGZ0cGNXdHM=.mp4,ZDFheute Nachrichten
280,N192RWpJdS1YM1U=.mp4,ZDFheute Nachrichten
281,eWI4ZlkzeHNTV00=.mp4,ZDFheute Nachrichten
282,RV92ZVlQekl6cWs=.mp4,BILD TV
283,TTVqN1JwNnNrOGs=.mp4,WELT
284,SzltWnJGNkpEWlk=.mp4,ZDFheute Nachrichten
285,azQxU3pDMmp1bW8=.mp4,WELT
286,UjNCNEFkUUZkRTA=.mp4,ZDFheute Nachrichten
287,azgteVZhbnc1Nnc=.mp4,ZDFheute Nachrichten
288,MURRakR6MVNBaVU=.mp4,WELT
289,cDZIbzJib19CbUU=.mp4,BILD TV
290,U3R2Y05MdTUwVFU=.mp4,WELT
291,NzhaTklsVTM5c2c=.mp4,ZDFheute Nachrichten
292,MXRFVWZfT0JwNG8=.mp4,WELT
293,TmpDREhNMEtxa00=.mp4,ZDFheute Nachrichten
294,d0s3YUkyWGZBQzA=.mp4,WELT
295,YXNoYXhzbXAxY1k=.mp4,ZDFheute Nachrichten
296,Nmlva1ZsQ19lZVU=.mp4,WELT
297,YU9XSlFfd3BvazA=.mp4,BILD TV
298,bjNiUDZVYnlvWG8=.mp4,ZDFheute Nachrichten
299,THhuVDE3R3JJZGc=.mp4,BILD TV
300,bDJvdVdVUjRWeHM=.mp4,ZDFheute Nachrichten
301,aEk0Y21sdmpRY3M=.mp4,ZDFheute Nachrichten
302,enNZNnZHU09LZk0=.mp4,ZDFheute Nachrichten
303,ZTRwSy11dVBwcVU=.mp4,BILD TV
304,VXpyUHV6ZnppWDA=.mp4,ZDFheute Nachrichten
305,YTdmY3RrRlp2YXM=.mp4,WELT
306,WkEzTmpRNVFnV2c=.mp4,BILD TV
307,RkxYLU5FRE0zd2M=.mp4,BILD TV
308,a2M0YWEwclIwdzQ=.mp4,BILD TV
309,X0RwT0IxM3RXMzg=.mp4,ZDFheute Nachrichten
310,N0hnR1BmX0EzS3M=.mp4,WELT
311,cE1XQjd0LU1ENEE=.mp4,WELT
312,em1teXNaWmotVTQ=.mp4,ZDFheute Nachrichten
313,TF81aU85UUo4NG8=.mp4,BILD TV
314,WUFhN1hQc1JuaFk=.mp4,WELT
315,OTBQTzd1ZTd0ems=.mp4,WELT
316,a0toRUp1b1dPMWs=.mp4,ZDFheute Nachrichten
317,UnRhSmw2OXNmbzg=.mp4,ZDFheute Nachrichten
318,MWhRbXIxbUZrc3c=.mp4,BILD TV
319,MzMwSVh4VHR2OUk=.mp4,BILD TV
320,OURkZ1dva2ZBSVE=.mp4,ZDFheute Nachrichten
321,TVplVWFGQk5pYWM=.mp4,WELT
322,T05abnpwNW1rYWs=.mp4,BILD TV
323,WFNXOGI3VTMzX1k=.mp4,WELT
324,TlFoS1BpUFV4N00=.mp4,WELT
325,U1FrWVZVMkIxVkU=.mp4,ZDFheute Nachrichten
326,dS1KeUI3QWpYb28=.mp4,BILD TV
327,WGZHXzVtemYtcDA=.mp4,BILD TV
328,S3h3Q2w1eW5wT0E=.mp4,WELT
329,NFlYNVZ2S21xY28=.mp4,BILD TV
330,M282cHQ4Z0E2M28=.mp4,ZDFheute Nachrichten
331,UFUxZFNudUtQQWc=.mp4,WELT
332,TWgwTVlfbTBFRDQ=.mp4,ZDFheute Nachrichten
333,M1ZudUpacHJLcEk=.mp4,ZDFheute Nachrichten
334,X0JIUFhyN2hEUUk=.mp4,WELT
335,ZVhvU3kzbXI5bnM=.mp4,WELT
336,aTdpRHJacGRqc28=.mp4,WELT
337,bGhBajVlc1hFemM=.mp4,WELT
338,d3JWUy1PdmFUTTA=.mp4,WELT
339,aG1LVC0zd2tERm8=.mp4,ZDFheute Nachrichten
340,ekNyY3lwUko1OTA=.mp4,ZDFheute Nachrichten
341,dXFxS2M3VHdHMUk=.mp4,BILD TV
342,TGZBaUJ6R0tyX3c=.mp4,ZDFheute Nachrichten
343,RjlmVnNabTV3a0k=.mp4,ZDFheute Nachrichten
344,Z2w5Ry1EMFlsOFE=.mp4,ZDFheute Nachrichten
345,NlBydUdodFViQVU=.mp4,BILD TV
346,aEdYNjF3UkFSSnM=.mp4,ZDFheute Nachrichten
347,ZjZzendHVlhhLW8=.mp4,ZDFheute Nachrichten
348,Smc0OFJ2WGg1UGc=.mp4,WELT
349,R0JhVlZpSEdMY2M=.mp4,ZDFheute Nachrichten
350,WGFSZTlGbnA0UU0=.mp4,ZDFheute Nachrichten
351,ZzEyeUZPcjM2M28=.mp4,ZDFheute Nachrichten
352,THZlc01lQnU5akU=.mp4,BILD TV
353,WGhJWWJackJEUUE=.mp4,BILD TV
354,cVJjdDBZQmdSTTg=.mp4,BILD TV
355,LTM2c3ZwRlNmcXc=.mp4,BILD TV
356,MUF4dFZodElEWU0=.mp4,ZDFheute Nachrichten
357,RTkyX0VlYlR3YjQ=.mp4,WELT
358,UnZMWUQ2OWg0c2s=.mp4,ZDFheute Nachrichten
359,dTNYMWtheWpDcm8=.mp4,BILD TV
360,ckhodDNLVEN3Ykk=.mp4,WELT
361,eWRCSE9DU1lyS3M=.mp4,WELT
362,VjliWmpzaFZjUkk=.mp4,WELT
363,cXZHdjRoVkt5Ymc=.mp4,WELT
364,Q1VmRzZtRDFuV0E=.mp4,ZDFheute Nachrichten
365,aWdpQWhLdnpZQ3c=.mp4,WELT
366,WlJBZVlnMURBVE0=.mp4,ZDFheute Nachrichten
367,M05NdFRQRzJ1bEU=.mp4,ZDFheute Nachrichten
368,Zl9NWVBsUHlTLWM=.mp4,WELT
369,bGdERWJkbnBBSEE=.mp4,BILD TV
370,T3EtWGk4ZzFUMms=.mp4,BILD TV
371,Ykd1Z002Ny1CQTg=.mp4,WELT
372,cEI4Rm1MUFdOa2M=.mp4,WELT
373,UFVQaUVYZzFfT2s=.mp4,WELT
374,Q0V1dXhvcUJPQVE=.mp4,WELT
375,RWFNMl9hMXAwUzA=.mp4,ZDFheute Nachrichten
376,RUFHbmMtT1NoMGM=.mp4,BILD TV
377,N1pNQXQzS2NTQk0=.mp4,BILD TV
378,ZnFyM2NlZkM3VGs=.mp4,WELT
379,dlhkNVZfOWJLd3M=.mp4,ZDFheute Nachrichten
380,YXJkUTdlazRzc2M=.mp4,BILD TV
381,czV1ZjJzbmZvU1U=.mp4,WELT
382,bjRnQWhzNWJQa3c=.mp4,WELT
383,dEM4eUJsMDJ0eE0=.mp4,BILD TV
384,M2ZBSTNXVUpUZUU=.mp4,WELT
385,alo4d05INHROemc=.mp4,BILD TV
386,SjhNbE12aFJNNkk=.mp4,ZDFheute Nachrichten
387,U2xOWk9DbzJfajg=.mp4,ZDFheute Nachrichten
388,Rnc4Nl82cXJMQzg=.mp4,ZDFheute Nachrichten
389,U3N3ZUtQODJEN1E=.mp4,BILD TV
390,WkgyVWl6NHlmRlk=.mp4,BILD TV
391,Z200T3VJdWlrNG8=.mp4,WELT
392,b09DZFlzOVR2VkE=.mp4,WELT
393,TjZEa2pmbmdWSFk=.mp4,ZDFheute Nachrichten
394,d1J1TElGeHZnczg=.mp4,WELT
395,RmRRWmRjTE1iLVk=.mp4,WELT
396,dHZWUkQxUkNHN2c=.mp4,BILD TV
397,UXhSSkRUby1OdTQ=.mp4,BILD TV
398,SmItM2VkSFU2Rjg=.mp4,WELT
399,U1A0WGtqUEQwT0U=.mp4,WELT
400,MEMtRVo4ZmxyUnM=.mp4,WELT
401,Tlc0TUlMQWdFekE=.mp4,WELT
402,d1JkWXJMZVhySkE=.mp4,BILD TV
403,Z0x1QmJvMmlxb1U=.mp4,ZDFheute Nachrichten
404,c05Pd0g0Tmc5UTQ=.mp4,WELT
405,WUN4VW5JdWdoUTA=.mp4,WELT
406,R2dzX1pWTHBnTlE=.mp4,BILD TV
407,SVBGd1RBeVdaSDg=.mp4,ZDFheute Nachrichten
408,VFBHbmVvMWtaZHM=.mp4,ZDFheute Nachrichten
409,MjFNQ3pzdkNhdmM=.mp4,BILD TV
410,TWo5UkVlZkVFOVk=.mp4,ZDFheute Nachrichten
411,THU1QlBKU3ZvcXc=.mp4,BILD TV
412,MHZ2bUIwVU1STkE=.mp4,BILD TV
413,YjJiTGcwaG1ndTQ=.mp4,WELT
414,NG8xaDBERDB3cDg=.mp4,BILD TV
415,em9VZlV0WVI4MTQ=.mp4,WELT
416,MTVpSl9DMHhqYjA=.mp4,WELT
417,dGtIY2pFWXc5XzQ=.mp4,BILD TV
418,cXVXbXU2bDdlak0=.mp4,WELT
419,ZDBPV3hTUkJmem8=.mp4,ZDFheute Nachrichten
420,bkFxVEE4ZGNFMmM=.mp4,BILD TV
421,MVcyQThsYlpuanM=.mp4,ZDFheute Nachrichten
422,T2JfX3BReHpwUzQ=.mp4,WELT
423,LWJqemQtTUNBdHM=.mp4,BILD TV
424,XzhOWG9EMk5PX3M=.mp4,WELT
425,WmQwUldzRnJyT2s=.mp4,WELT
426,MlRtYjl4MXRNTVE=.mp4,ZDFheute Nachrichten
427,b1ZXNHVfeWRkZ2c=.mp4,WELT
428,eGg0SjNXNWdjdDA=.mp4,BILD TV
429,ZGI4SHdUbUpGc2c=.mp4,WELT
430,VFhScFpOS1FsU1k=.mp4,WELT
431,MVVPekVRLUVSWE0=.mp4,BILD TV
432,cUM5aW5NSTZHOHc=.mp4,ZDFheute Nachrichten
433,c1NTVlBGeU92Sk0=.mp4,BILD TV
434,V3pmNHRXWTl0RlU=.mp4,BILD TV
435,amRqWmxOTE5KNU0=.mp4,BILD TV
436,TlZBcHNFbng2d3M=.mp4,BILD TV
437,bXJTd3Z1ZVg1N0U=.mp4,WELT
438,cmZhNGNIOGVjS3M=.mp4,BILD TV
439,a01ZcXVCQjRCUTA=.mp4,WELT
440,dlhwZmFXUEhkVEU=.mp4,ZDFheute Nachrichten
441,V0ZPam44WENtNjQ=.mp4,WELT
442,b2RrZ2Exc2FtdTA=.mp4,ZDFheute Nachrichten
443,THlyODhPSDU3aW8=.mp4,WELT
444,cGY0QW5LUC1uMGs=.mp4,BILD TV
445,ZGZlSU1WcThEanM=.mp4,ZDFheute Nachrichten
446,dm12eVhzTEFZZmM=.mp4,BILD TV
447,U19qV1k5MnJUbUk=.mp4,ZDFheute Nachrichten
448,Z05rTGtDaXktZVU=.mp4,ZDFheute Nachrichten
449,Q2oxRGQ4LVFlU2s=.mp4,WELT
450,NElaTnNTQ0JHZlE=.mp4,WELT
451,NXNrV3RBOFNVcGs=.mp4,WELT
452,QjhLWjA4MFhzWjQ=.mp4,WELT
453,QVR2d2pjdF90ZzA=.mp4,WELT
454,aGZ2MGlEa3lJS2s=.mp4,WELT
455,M1pVX1RJQlU1bzQ=.mp4,BILD TV
456,V1dwdFE3enZGcG8=.mp4,ZDFheute Nachrichten
457,dnBrYkd6UFhTalU=.mp4,WELT
458,bkNtek8tRm5qdWc=.mp4,BILD TV
459,azh4eWVqVmJzaTg=.mp4,WELT
460,UjdVTkJ4WkgwcTg=.mp4,WELT
461,RVNNcXZ1OW84R00=.mp4,BILD TV
462,S296V05PZlZhcTg=.mp4,ZDFheute Nachrichten
463,Yk1adkZJX2ctek0=.mp4,BILD TV
464,WTB2M3V1TmNpbGs=.mp4,BILD TV
465,M0tBTllvYXpfNUU=.mp4,BILD TV
466,NHZxaHBzYTNvems=.mp4,BILD TV
467,UjRDTVJiNG9iLUk=.mp4,WELT
468,ZWNzY2JiMzRTSWM=.mp4,WELT
469,Y3B4VnhFdHRZNXM=.mp4,ZDFheute Nachrichten
470,dTVJTGNJV3ZiRHc=.mp4,BILD TV
471,Q1oxQlZKek92UEU=.mp4,WELT
472,OU1Va2doN212SXM=.mp4,BILD TV
473,WWpRUFVnYmxuODg=.mp4,ZDFheute Nachrichten
474,azZOYlFaZ3FlZE0=.mp4,WELT
475,aTQ0Q1RGd1JvOFE=.mp4,WELT
476,dE9rTUtoWEROblk=.mp4,WELT
477,NmpRc0xTbzFhR0U=.mp4,BILD TV
478,UDByWU5xZDF4OHM=.mp4,ZDFheute Nachrichten
479,MEdWZ3dlRXhIMVE=.mp4,WELT
480,dXdGQTZka0RMMGs=.mp4,BILD TV
481,UUNVZGNTUXVlSTg=.mp4,ZDFheute Nachrichten
482,ZEQyX3BGd0JjN1k=.mp4,BILD TV
483,YlJOQW9JVDB2ejQ=.mp4,ZDFheute Nachrichten
484,bE9HQXR4MVlWVW8=.mp4,BILD TV
485,VmRPZ2JOUFExclE=.mp4,ZDFheute Nachrichten
486,MEkyay1wVm5INU0=.mp4,WELT
487,WDNzcDR6RFpCTHc=.mp4,BILD TV
488,Tkg0RFAwdWNGazQ=.mp4,WELT
489,V3Roa2tJWVRtVWs=.mp4,ZDFheute Nachrichten
490,ZWhWVlpWdDBFTVU=.mp4,BILD TV
491,LUExMnRRYzFYZ2s=.mp4,WELT
492,d1p6dE9LdmRscjQ=.mp4,WELT
493,alVZdGFTRGdqeWM=.mp4,BILD TV
494,eWQwaWp1ZjFsd3c=.mp4,WELT
495,YVRSSDcteGEwSkk=.mp4,WELT
496,bXdyeUhpMzRqRmM=.mp4,ZDFheute Nachrichten
497,MTNtWi1VRnJaMnc=.mp4,ZDFheute Nachrichten
498,TU41Mi1DMm1SWkk=.mp4,BILD TV
499,VjdYZHFnd3pfTlE=.mp4,ZDFheute Nachrichten
500,aTFTUW14dnAta2c=.mp4,WELT
501,Nm5oUXBkWUxxU28=.mp4,WELT
502,Ykk5N28tUzB0a1U=.mp4,WELT
503,ZUNFZmVicGNhMjA=.mp4,WELT
504,bHlBeGkybS1ILXc=.mp4,ZDFheute Nachrichten
505,c0tBc08yTlk4amc=.mp4,BILD TV
506,aGw0SGV3TFdSVDg=.mp4,ZDFheute Nachrichten
507,UE1ValZEMThzRWc=.mp4,WELT
508,UUg3OE9KcEpXUG8=.mp4,WELT
509,a3dFOWo1MngySms=.mp4,BILD TV
510,VHRSaEhtUGVtZ2M=.mp4,ZDFheute Nachrichten
511,SHI2SWhRdGJPeEU=.mp4,WELT
512,TkkzT1JrTjVRaTA=.mp4,ZDFheute Nachrichten
513,Ri12RVp3OUZpSTA=.mp4,WELT
514,N0oyelZURUtodXM=.mp4,ZDFheute Nachrichten
515,Q25ONklYc2tOeDg=.mp4,ZDFheute Nachrichten
516,MExUbHZXclJLM2c=.mp4,ZDFheute Nachrichten
517,S09wekhvU1JCQ1E=.mp4,WELT
518,Y2tXRm12OHJIQTQ=.mp4,WELT
519,cXRIQ0dUa2lLbVE=.mp4,ZDFheute Nachrichten
520,aVI5NmIwNjRMb1E=.mp4,BILD TV
521,dzdxNExjVVNIRlk=.mp4,WELT
522,Qm42QUZTS0RRVE0=.mp4,ZDFheute Nachrichten
523,UWxkVjFpTDk3bVk=.mp4,WELT
524,cWlFWnREQmZjYUE=.mp4,ZDFheute Nachrichten
525,SVRwUC1RUWhxeTQ=.mp4,WELT
526,dGlMeERaVDR5UGs=.mp4,ZDFheute Nachrichten
527,TXdCWWMtWlRydk0=.mp4,ZDFheute Nachrichten
528,ZmtzNHRYb0VsWnc=.mp4,BILD TV
529,ZXVCeDNsZHV0ZGc=.mp4,BILD TV
530,R3F5LVozOWl3dWc=.mp4,BILD TV
531,aXRJS3locmltYWs=.mp4,BILD TV
532,VGRzUUluc0hVc3c=.mp4,BILD TV
533,R2VPbUk5ckQzOHM=.mp4,ZDFheute Nachrichten
534,NFNnRHFMcjAxc0E=.mp4,BILD TV
535,QWE1MUxVT00xaHM=.mp4,ZDFheute Nachrichten
536,WFgtc0tIZTRmN1k=.mp4,ZDFheute Nachrichten
537,SG5HbmxvYzY1SHM=.mp4,WELT
538,RjVlTDFGYnJMSlU=.mp4,WELT
539,eUp0ZTBDV0dtVVk=.mp4,BILD TV
540,MV9BdXFUVmRvRTg=.mp4,BILD TV
541,cVg2MWRRbHgxSEk=.mp4,WELT
542,Z2ROT0NqaG9qbmc=.mp4,WELT
543,ZTc4c0NXVnlyUzQ=.mp4,BILD TV
544,dWZhYXpsOVYwSFE=.mp4,BILD TV
545,bC00aXlFTFU2dEU=.mp4,BILD TV
546,QTZBdkstVzFVbUk=.mp4,ZDFheute Nachrichten
547,dU43cHEtVEU5NTA=.mp4,ZDFheute Nachrichten
548,bnFKMVNvVk1QZnM=.mp4,ZDFheute Nachrichten
549,X0FOc1hqUEVTN2c=.mp4,ZDFheute Nachrichten
550,eVI1YXNaSEV0dG8=.mp4,WELT
551,bERLM25BdzhQMGc=.mp4,BILD TV
552,aE9pMjJ4Sk1ackU=.mp4,BILD TV
553,dVhON1RvT3VDX28=.mp4,WELT
554,MldDS0xFR082UUk=.mp4,BILD TV
555,N2REUGpvUVQtakU=.mp4,BILD TV
556,eHdQQjVQeWxCY3c=.mp4,WELT
557,YXdrZXB0eXJhMkk=.mp4,BILD TV
558,N0l3WkJxWjIyREE=.mp4,ZDFheute Nachrichten
559,OFp4MGYxVkI5YkU=.mp4,ZDFheute Nachrichten
560,bUJrZUIxYmwtclU=.mp4,WELT
561,SGxoZzkzUGMtSlU=.mp4,BILD TV
562,a2dGQy1GbUpxaGM=.mp4,BILD TV
563,Z1JwdElvSjNjU0U=.mp4,BILD TV
564,cFhlM2pHeDduUkE=.mp4,BILD TV
565,WkNtcGJEYllPOEE=.mp4,ZDFheute Nachrichten
566,aUFvYTZ2R19jdWc=.mp4,ZDFheute Nachrichten
567,QjJESWtwRHJyYVE=.mp4,BILD TV
568,OFR6dWdWb2VkLWc=.mp4,ZDFheute Nachrichten
569,X09CWEJscERCSVE=.mp4,WELT
570,VkIxMGg2VkJZbEE=.mp4,ZDFheute Nachrichten
571,bHJVZzlFMXI4dnc=.mp4,ZDFheute Nachrichten
572,dDVUcVdCbndqTm8=.mp4,WELT
573,OEJZUlNNWmlBa2s=.mp4,BILD TV
574,RURUTDlaVmtkdWc=.mp4,ZDFheute Nachrichten
575,SjA3Z3dqbFowRjA=.mp4,BILD TV
576,WkZMdXRDSU01bmM=.mp4,WELT
577,SFZaMXBiYVNGNkk=.mp4,BILD TV
578,a2lDTGQwZUd1Nkk=.mp4,WELT
579,ZHNMbWFrOTgxVEU=.mp4,ZDFheute Nachrichten
580,SUVHS2pqclRyQ3c=.mp4,WELT
581,ekVGUkxVSHlweTQ=.mp4,BILD TV
582,b1dGQk91bi1OR2c=.mp4,ZDFheute Nachrichten
583,V05zMTJUQTkyekE=.mp4,BILD TV
584,XzY4dW5NUHB4dnM=.mp4,ZDFheute Nachrichten
585,cG84N293d1hyTGM=.mp4,ZDFheute Nachrichten
586,bnZ4Z3JIMjdNaTA=.mp4,ZDFheute Nachrichten
587,ei10djlWdXlKUG8=.mp4,ZDFheute Nachrichten
588,ZU9WNURSMWItMlU=.mp4,WELT
589,eWFydk5iMGE5eDA=.mp4,WELT
590,Q1A5UEZ5enBiVWc=.mp4,ZDFheute Nachrichten
591,a25jV2k2eE4td28=.mp4,ZDFheute Nachrichten
592,S21ETUFyRW1TSlE=.mp4,ZDFheute Nachrichten
593,MzI4NGxfMmtuMUU=.mp4,WELT
594,YlhIVVA4S0ZkVFk=.mp4,BILD TV
595,ZE9BTUpSajhyZ3c=.mp4,WELT
596,X19kdEwzdjhGeVk=.mp4,ZDFheute Nachrichten
597,MURIQmNwVnN0NG8=.mp4,ZDFheute Nachrichten
598,c1hXTkRsX3JlSUU=.mp4,ZDFheute Nachrichten
599,VDgyNFV5M3k2Sjg=.mp4,ZDFheute Nachrichten
600,STRYY1lPNFhtWUE=.mp4,ZDFheute Nachrichten
601,enBIWWpKMm5rY1U=.mp4,BILD TV
602,T05YUFgxTS1RamM=.mp4,ZDFheute Nachrichten
603,THI3U0tzenhEQk0=.mp4,WELT
604,endBU0kzVGJKemc=.mp4,WELT
605,YmNORlhybHRweGc=.mp4,WELT
606,S01heVNzNzMtMFk=.mp4,BILD TV
607,OG53MmhOMVVqa2c=.mp4,BILD TV
608,NGlOQUdZeC1MdlU=.mp4,WELT
609,czUyS0c0VlRHb1k=.mp4,ZDFheute Nachrichten
610,OE9rdkp5Q3ktdUk=.mp4,ZDFheute Nachrichten
611,cHFvUDdqNXNaMHc=.mp4,ZDFheute Nachrichten
612,cmZFazFGZGtDNDA=.mp4,BILD TV
613,Rmc3alN4cTJSSVU=.mp4,BILD TV
614,eEFjdkdDNGQyNmM=.mp4,WELT
615,QVBBckdpZ0E5ejA=.mp4,BILD TV
616,NlRuaWJHY0tIOU0=.mp4,BILD TV
617,UmdESzNDVXhoaFU=.mp4,ZDFheute Nachrichten
618,aW5LUnRFSkJoR1U=.mp4,BILD TV
619,N2FmTkRDemtVclk=.mp4,BILD TV
620,Ql9zVEZDbTl1QVU=.mp4,BILD TV
621,Nm5iS2JiQ3JMTlU=.mp4,WELT
622,MkEydGQtRlVWM2c=.mp4,WELT
623,QjJTUV9tTlFYeEk=.mp4,WELT
624,WjdmbFE1REhBX2M=.mp4,WELT
625,bldDQ0dySDFieEE=.mp4,BILD TV
626,WGtYVVB3R0RDbkU=.mp4,WELT
627,N0VTUm1QZk5IQmc=.mp4,ZDFheute Nachrichten
628,a0FSNE5GNUxpZnM=.mp4,WELT
629,MW1kZnAyclFIb0U=.mp4,BILD TV
630,dm5MZEd0QnJjcGM=.mp4,BILD TV
631,YmlXd3ZUc29vUlU=.mp4,BILD TV
632,cGVmVU9ZNXdLcFk=.mp4,WELT
633,dU93cW1GcnJBR2M=.mp4,WELT
634,Si1kUEttNmE2WlE=.mp4,ZDFheute Nachrichten
635,OFlSX1ZWZVFWQWM=.mp4,ZDFheute Nachrichten
636,ajhTeVVGcE1kYnM=.mp4,WELT
637,VGtmTVlGUGU5OEE=.mp4,BILD TV
638,T09Sa1RyYUJjVGs=.mp4,ZDFheute Nachrichten
639,V3NYVmxvLTZPeEU=.mp4,WELT
640,SUZjdTluRDk1MnM=.mp4,ZDFheute Nachrichten
641,UkdYdGJTalE5ZlE=.mp4,WELT
642,OVYxRVdOZ3Z3NkE=.mp4,WELT
643,TlBIbURGZEpjRVE=.mp4,ZDFheute Nachrichten
644,R1NsakxOMWk3bUk=.mp4,BILD TV
645,cHJxWWZXTVNrU2M=.mp4,WELT
646,TWw5VndmckdYYnc=.mp4,BILD TV
647,S3ZCTEhhWnFYTWM=.mp4,ZDFheute Nachrichten
648,cXdtTG4zZzdwVHc=.mp4,ZDFheute Nachrichten
649,eGxEeGFMb05sUVU=.mp4,ZDFheute Nachrichten
650,eUJqM0VCUVFDWDA=.mp4,BILD TV
651,NHhRT1lrWmlLZ1E=.mp4,ZDFheute Nachrichten
652,S0J1VlJDOTktZUE=.mp4,ZDFheute Nachrichten
653,UU90aGsxSzlOdkU=.mp4,WELT
654,U28tYjZBMmxOQVk=.mp4,WELT
655,bW9ycEpiTTdPYVE=.mp4,WELT
656,NkRyMk9HWFNjX1U=.mp4,WELT
657,b01IQTFaU0ItQWM=.mp4,ZDFheute Nachrichten
658,Q0xPZDVMZmVEWFU=.mp4,BILD TV
659,OGlLYzhPSDE4UUk=.mp4,WELT
660,ekN0SllzYVhQN0U=.mp4,WELT
661,ZDNQY0lFMDdmYmc=.mp4,ZDFheute Nachrichten
662,MXNYZHhxd1U2clU=.mp4,ZDFheute Nachrichten
663,M0hiVDE1Q3pSaFk=.mp4,BILD TV
664,eXZQeDdqUzJYbkE=.mp4,WELT
665,cFBhRk1IWmN6SW8=.mp4,BILD TV
666,bXMycG1UdEE2TFk=.mp4,WELT
667,VjRkclR2QVh1TFE=.mp4,WELT
668,S3EwSTR1TjNPdDA=.mp4,WELT
669,R2luYjY3VVg0dDg=.mp4,BILD TV
670,S0kyUWpsVzMtX2M=.mp4,BILD TV
671,TmtCOU1DN3FZUTg=.mp4,WELT
672,dG4yT3NTaERSOUk=.mp4,ZDFheute Nachrichten
673,Z1lqbGRLdmtIYk0=.mp4,ZDFheute Nachrichten
674,NHN6N0gwbHFkcTg=.mp4,BILD TV
675,NEdFdE1pU2poREE=.mp4,BILD TV
676,Y0NOVjhwSnY1U28=.mp4,BILD TV
677,MmJtUlhwNUtJSHM=.mp4,WELT
678,S1FSeTlHOUZxM1E=.mp4,ZDFheute Nachrichten
679,aHg0REsxVWNIbmM=.mp4,BILD TV
680,NWx0bGE4ZkdYZ2s=.mp4,BILD TV
681,NFE5X1ZTUnFMYzg=.mp4,ZDFheute Nachrichten
682,TTZPZVhVcWZzcnM=.mp4,WELT
683,SUpUcWc1OXhPMTA=.mp4,WELT
684,WEhUNkZ5VlB0SjA=.mp4,BILD TV
685,OTVkYk9VbEc4SVE=.mp4,BILD TV
686,b2tySmdPSWtqVVU=.mp4,ZDFheute Nachrichten
687,Ymd3YlRmUjhhVDA=.mp4,WELT
688,Nl9PbUlGSXZOUGM=.mp4,ZDFheute Nachrichten
689,Q3Vsa2g2d0dVTGM=.mp4,ZDFheute Nachrichten
690,OUNKU1FnVnFKbFk=.mp4,BILD TV
691,cTFZWkZaWmFZSjg=.mp4,WELT
692,QzVpVV8wLWl6TjA=.mp4,BILD TV
693,dVZHbWRyWmlKZzA=.mp4,ZDFheute Nachrichten
694,d21pVm00REJVOXc=.mp4,WELT
695,dkFicFIyMElxY0U=.mp4,BILD TV
696,RlZUMGh0Y1NkbEE=.mp4,WELT
697,ekF4TVJvNjZYbDg=.mp4,ZDFheute Nachrichten
698,RkJTWUxjTVZJcjQ=.mp4,WELT
699,Q0Y4a3N6UlRoZlk=.mp4,ZDFheute Nachrichten
700,X1p1MXljQ2dodDg=.mp4,BILD TV
701,VXF1VUNnYkU1ejg=.mp4,ZDFheute Nachrichten
702,UlJoM0FJOFhhYUE=.mp4,ZDFheute Nachrichten
703,WGZfZEp6dHZ2WTQ=.mp4,WELT
704,bFhPOUEwWk5TSGc=.mp4,WELT
705,TnRkOFVxMm56MUE=.mp4,BILD TV
706,SnByVEl1MlRuV0k=.mp4,BILD TV
707,TndsRVVBWFBwMVE=.mp4,ZDFheute Nachrichten
708,dFBOV2tGRHgtcVU=.mp4,BILD TV
709,T0UwTnFWeXVaZE0=.mp4,ZDFheute Nachrichten
710,dXBGaHJDLWpyekk=.mp4,WELT
711,VzZOR1YxMTUyNEE=.mp4,BILD TV
712,WHR3U1JiZlpOQ2c=.mp4,WELT
713,T1BhMzVsV3lPNFk=.mp4,BILD TV
714,WlNKWHU0dnBleWc=.mp4,WELT
715,OG43dXhWOXE4Mm8=.mp4,ZDFheute Nachrichten
716,UVV4a0hqd1ZUZmM=.mp4,ZDFheute Nachrichten
717,STF2a0k4V1ZWbjg=.mp4,WELT
718,UDdCNnhGeUZGZEE=.mp4,ZDFheute Nachrichten
719,OE1VQ3NYM3JYZDQ=.mp4,BILD TV
720,UExrYzY4aEh1cWM=.mp4,WELT
721,Wi1iRFFaemliSHc=.mp4,ZDFheute Nachrichten
722,bmRoUUM1cG9pTVE=.mp4,WELT
723,NkJkWGp3VUVqSXM=.mp4,WELT
724,LVFGUXpNWTNoYXM=.mp4,BILD TV
725,WjdFbE9rQU1FaE0=.mp4,WELT
726,ckM5bF80RC1mUEk=.mp4,ZDFheute Nachrichten
727,RmpnZlpIXzBGY0k=.mp4,ZDFheute Nachrichten
728,eEFMRmdUZU81Rm8=.mp4,ZDFheute Nachrichten
729,NUlMc2hUa1NtT3c=.mp4,BILD TV
730,akNtMEY3emxFTzA=.mp4,WELT
731,UVdpSVNHWUxMQVk=.mp4,ZDFheute Nachrichten
732,aGJHWW9jVHZMeTg=.mp4,WELT
733,aHRJdDZNVXUwYmc=.mp4,BILD TV
734,T1ZpUlh2ekVyVTg=.mp4,ZDFheute Nachrichten
735,dEg3eE9CbjBtYVE=.mp4,WELT
736,Ym1KbFNsSHYwa3c=.mp4,BILD TV
737,NmVuaTI1b1d6M3c=.mp4,BILD TV
738,WFdoX0g1NGNocnc=.mp4,BILD TV
739,T1FFX3BHQlN6SGc=.mp4,WELT
740,U1hLOXM5d1FJcTQ=.mp4,ZDFheute Nachrichten
741,OFVQNkJsa3o3WFE=.mp4,ZDFheute Nachrichten
742,anltaHBqWTJVc0k=.mp4,ZDFheute Nachrichten
743,TU9yWGtGbnN0Rms=.mp4,BILD TV
744,a1R2X1BLNVR1R0E=.mp4,ZDFheute Nachrichten
745,cVV5QXBLa1NPdnc=.mp4,BILD TV
746,V0tCeTRYaGJTaEk=.mp4,ZDFheute Nachrichten
747,ZktkSnlfQjdVRk0=.mp4,BILD TV
748,TGYxaGxjaHdHMDQ=.mp4,WELT
749,akMyeFVkVGpxU0E=.mp4,WELT
750,dkU3cWFhb3ZJMms=.mp4,WELT
751,elpFTW8tZDR3RjA=.mp4,WELT
752,QWtEdkd5OHVIaHc=.mp4,ZDFheute Nachrichten
753,dDM4VlEzbFRJMWM=.mp4,ZDFheute Nachrichten
754,SGM4R1pPdzgtR1E=.mp4,BILD TV
755,RTUyM2VrZTFqckE=.mp4,ZDFheute Nachrichten
756,amMxclkzQklvU00=.mp4,ZDFheute Nachrichten
757,SVJrcnZ0dDRualU=.mp4,BILD TV
758,UW1pcDFEbmdjd1k=.mp4,WELT
759,RXNpOGhTcEloaVk=.mp4,BILD TV
760,Y3N1ZEJGMHNYUFE=.mp4,ZDFheute Nachrichten
761,dWliS1RZYVc4QUU=.mp4,BILD TV
762,Zi1qYzNBN3ZaU1E=.mp4,BILD TV
763,dWR4cEVkZUt3bkk=.mp4,WELT
764,enNhazVkbDdVQXc=.mp4,ZDFheute Nachrichten
765,MWlKcTczU3FZdU0=.mp4,BILD TV
766,bzNXSjZNaG5yeUU=.mp4,WELT
767,azZVZjdMb0QyeHc=.mp4,WELT
768,NjBGNFBZTndqNHM=.mp4,BILD TV
769,YURxWV92T0dvUlk=.mp4,WELT
770,RF9NVnJaTFA3dGs=.mp4,BILD TV
771,dzY2Qk9CcURON0U=.mp4,BILD TV
772,ZW1jVlpNNXpUQUU=.mp4,BILD TV
773,dnpyWGFqUzZPd3c=.mp4,BILD TV
774,VXp3c3Q3NlpmOGM=.mp4,WELT
775,VTRWUEQ5WTVGRkE=.mp4,BILD TV
776,cVRvS1BkNzM0ak0=.mp4,BILD TV
777,OGhqVHJLSF9VMHc=.mp4,ZDFheute Nachrichten
778,MEI0eVBIS0JqSW8=.mp4,WELT
779,QXd4bkNxbUxEODA=.mp4,WELT
780,bWI2a05XY08wWmM=.mp4,BILD TV
781,UW5vb2ZQbTE4SGc=.mp4,ZDFheute Nachrichten
782,WlVNNGczdVdEQm8=.mp4,BILD TV
783,c0cxWmkwWVlkZm8=.mp4,WELT
784,aXoxMzJEVjIxclE=.mp4,ZDFheute Nachrichten
785,NEs2QUxfaGxmTWM=.mp4,ZDFheute Nachrichten
786,RmNCQlhSalJXZ3M=.mp4,ZDFheute Nachrichten
787,LVhtZExiMmJ0Rlk=.mp4,BILD TV
788,MFpYa3FZMmNrQzg=.mp4,BILD TV
789,TGQ1TUp2SlFxdWs=.mp4,ZDFheute Nachrichten
790,YWVzQ25SY1ozQlU=.mp4,BILD TV
791,NUZBNjYwX1ZVTGM=.mp4,BILD TV
792,S0R5SmR3V3VNM0E=.mp4,WELT
793,UUZQM0tJWUlCV1k=.mp4,ZDFheute Nachrichten
794,bUYtZWRGWE5peFk=.mp4,BILD TV
795,a2lJd1VYMzZOaVk=.mp4,ZDFheute Nachrichten
796,bExhQ2R5aTQyek0=.mp4,BILD TV
797,djFNZVNDOGVrZms=.mp4,BILD TV
798,LUNnMERUQmxsUXM=.mp4,BILD TV
799,SGV5Y1UwTm5tN1U=.mp4,BILD TV
800,T1JDM0xPZy03clE=.mp4,BILD TV
801,QlJjajBCbTNvTnM=.mp4,WELT
802,bHVUYnlPZkFtOEE=.mp4,WELT
803,UnJ0bllmOXVRVkU=.mp4,BILD TV
804,N2hNYWs3a0dxY0U=.mp4,BILD TV
805,WVdILTNNV0xlTE0=.mp4,ZDFheute Nachrichten
806,Q1hfZ08xdnR6aU0=.mp4,BILD TV
807,dUVBNkw0TTFNQU0=.mp4,ZDFheute Nachrichten
808,UmVrUDFlXzRZM0k=.mp4,ZDFheute Nachrichten
809,US1tVmF0VXQ3QTQ=.mp4,WELT
810,R0h3NmJYanNDbEk=.mp4,BILD TV
811,V0lCb2xEOVJlanM=.mp4,BILD TV
812,Y3hGbjZvMUJKcEk=.mp4,WELT
813,TzZNR0F4OWlkeDg=.mp4,ZDFheute Nachrichten
814,aDlLYjhIN1hXSTg=.mp4,ZDFheute Nachrichten
815,M3pCV0NQRkVhejg=.mp4,WELT
816,TjNOUExSWlhTY0k=.mp4,ZDFheute Nachrichten
817,c0lWcDZWazdicGs=.mp4,WELT
818,NGdOZ3JrRG82Vmc=.mp4,ZDFheute Nachrichten
819,ZEpTc3FLZGxzU1U=.mp4,WELT
820,U0lHQ0t4R3lneDA=.mp4,BILD TV
821,dWY0VWRQX3dCTkE=.mp4,ZDFheute Nachrichten
822,elFwSzdOWFhIS0E=.mp4,ZDFheute Nachrichten
823,bk1SY1hVaWN6bzQ=.mp4,BILD TV
824,dVF0RG9YOGx4R2c=.mp4,ZDFheute Nachrichten
825,dUJ6MVB2cjJodzg=.mp4,WELT
826,ZUlqcE5KR2w4bkU=.mp4,ZDFheute Nachrichten
827,OUcxYVhmaHNNQjQ=.mp4,WELT
828,bmhpTHdHMzhCWmc=.mp4,BILD TV
829,TnVDd1ZoUmFvYkU=.mp4,ZDFheute Nachrichten
830,bWdJY29HVEJwZlU=.mp4,WELT
831,bTUxN29wbEMxdDA=.mp4,ZDFheute Nachrichten
832,ZkNCMl9wcmR4bXM=.mp4,ZDFheute Nachrichten
833,WjlOTUYwXzlrdzg=.mp4,BILD TV
834,RlR6eFpHNlJ3bWM=.mp4,ZDFheute Nachrichten
835,WDd1OXVwa0hyb1k=.mp4,WELT
836,WTc1S2MyaVF1TFE=.mp4,ZDFheute Nachrichten
837,djluUXptcEpUQU0=.mp4,BILD TV
838,MS1GcmpZMFd6dTA=.mp4,BILD TV
839,VmpsRkNEdzVxdms=.mp4,ZDFheute Nachrichten
840,SzZIS0FELVVGV0U=.mp4,BILD TV
841,ZGw4bFN4dHIzUVU=.mp4,ZDFheute Nachrichten
842,VC1oUl9SeTBKQmc=.mp4,WELT
843,Wkx3SjlnbFBfNWc=.mp4,BILD TV
844,amJVQk5XUW95SUE=.mp4,BILD TV
845,RVlSMVNVTHltWmM=.mp4,ZDFheute Nachrichten
846,a041S3BDMmppcnc=.mp4,BILD TV
847,ZUFSa0NEZmxuZE0=.mp4,WELT
848,VVkwaXRMNFZSMFk=.mp4,WELT
849,Z2w4bU9oWFdaQk0=.mp4,BILD TV
850,MWtWck5vUUg5MnM=.mp4,WELT
851,RmhfSlg3eWt3QVE=.mp4,BILD TV
852,OVpiX1JMQ2MxU3M=.mp4,BILD TV
853,eHhTNjRwMVlrbnM=.mp4,BILD TV
854,TjBxTnNNYXhtelk=.mp4,ZDFheute Nachrichten
855,UmFDZTZ4SFpCLTA=.mp4,BILD TV
856,c1FpUjdhZngzLW8=.mp4,WELT
857,OUdMSkpLbXMxZkE=.mp4,ZDFheute Nachrichten
858,OTJEU3AyR0t6clU=.mp4,ZDFheute Nachrichten
859,MXI4emN2VnZpVE0=.mp4,WELT
860,bWFzLXpaaDJsMm8=.mp4,ZDFheute Nachrichten
861,UHh1QUYteEVybVE=.mp4,BILD TV
862,QnRyZ0I2eTl1UE0=.mp4,BILD TV
863,RjIwZ2dTdTNQazQ=.mp4,ZDFheute Nachrichten
864,cnF2UTZpYlFHT28=.mp4,BILD TV
865,SXkxN0ZnTklJQ2M=.mp4,BILD TV
866,Z2lMRGZWeHhBUkE=.mp4,WELT
867,cWJfZmVIVGtUbnM=.mp4,BILD TV
868,RGpKdDhvekh6QU0=.mp4,WELT
869,MEs1UmI3d3llcm8=.mp4,WELT
870,MFZBRXR1RzN1aVE=.mp4,BILD TV
871,dzl0TXN3TmRsWkE=.mp4,ZDFheute Nachrichten
872,c2k3bHlPRFhGSzg=.mp4,BILD TV
873,Y3dBdEdkVGl5STQ=.mp4,ZDFheute Nachrichten
874,Z0xlQ2t0VzdVZVk=.mp4,ZDFheute Nachrichten
875,Z1ZUeFJaZEFINE0=.mp4,BILD TV
876,U0syOWVBLS1QUTQ=.mp4,BILD TV
877,S1lBMC1xbTZ3TXM=.mp4,ZDFheute Nachrichten
878,cUN2Ym1rbzc1LWM=.mp4,WELT
879,U3JiMDUxT0ZvUkE=.mp4,BILD TV
880,ZGdlaS16Zl8xdWc=.mp4,WELT
881,UXI5V0dVRG9naVE=.mp4,WELT
882,WERZRTRwVmhzVnc=.mp4,BILD TV
883,YnhaQWlmM3pxYUE=.mp4,WELT
884,YkJYdVN4OXZJNWc=.mp4,WELT
885,SEFzblRVQ2FrLTA=.mp4,WELT
886,Y1ZkOHI5R1p1MHM=.mp4,BILD TV
887,TXNXQzk5T0FFcVE=.mp4,BILD TV
888,U1p5TW1rdjU1bEU=.mp4,ZDFheute Nachrichten
889,WmRjT3pOeTdNbms=.mp4,ZDFheute Nachrichten
890,U09xeUpVc1BvWXc=.mp4,WELT
891,YmdLUFQ4VktycXM=.mp4,BILD TV
892,MjJUNzRxTkIwenc=.mp4,WELT
893,T3d3VENWLXNBRUk=.mp4,WELT
894,Y1hjVjhuX01ZcHc=.mp4,BILD TV
895,aHlRcmx5eTU5bWs=.mp4,WELT
896,SUdDbUVZV25lSkk=.mp4,ZDFheute Nachrichten
897,cGtORHB6YUN0RE0=.mp4,WELT
898,am9YelFHbTR6cnc=.mp4,WELT
899,RkV1bjJxQjBPeGs=.mp4,ZDFheute Nachrichten
900,NEQ3TlJDNzV6Z28=.mp4,BILD TV
901,Tll2U0pvM01ZZ2s=.mp4,ZDFheute Nachrichten
902,R1hUdkh4ZlZQRGM=.mp4,ZDFheute Nachrichten
903,bVYyQ1VoR0JSdE0=.mp4,WELT
904,OFVjeVlyc3h1VnM=.mp4,BILD TV
905,QjdJMGFGRHJJTDA=.mp4,ZDFheute Nachrichten
906,N3lVVGcyWGwya2s=.mp4,ZDFheute Nachrichten
907,NUxDTkllbHlPYWM=.mp4,BILD TV
908,bkQxaEFJRGxTUjg=.mp4,WELT
909,bjhnYTJfLTE2akE=.mp4,WELT
910,OG1hUGVMQXhKWHM=.mp4,ZDFheute Nachrichten
911,XzUzeHFhTnZsZXM=.mp4,WELT
912,WmJuZVZ4YTFDeVE=.mp4,ZDFheute Nachrichten
913,RnVKNGdEUzlURW8=.mp4,ZDFheute Nachrichten
914,Mms2VUxuWFg0M3M=.mp4,BILD TV
915,YjFPY1RjRHlUZ3c=.mp4,WELT
916,REI1QmNTaDBhRmc=.mp4,BILD TV
917,eHNaak12ZE8zc2s=.mp4,ZDFheute Nachrichten
918,M1IxbmVmR1VSTms=.mp4,WELT
919,aEdSajdVclJZek0=.mp4,WELT
920,MUNGeFVQRU9TZlU=.mp4,BILD TV
921,OEhZSDVZalFCUjQ=.mp4,WELT
922,RG5LNS1PRkFGcWs=.mp4,ZDFheute Nachrichten
923,UWlfemg4d0o2VG8=.mp4,ZDFheute Nachrichten
924,eXN1ek9KVWttR2s=.mp4,WELT
925,Y21NTXF6RGtGMjg=.mp4,BILD TV
926,Z1dZZnVCY2tMcE0=.mp4,WELT
927,RHlxMDhTLXFfRU0=.mp4,ZDFheute Nachrichten
928,d3luMWduOTItVWs=.mp4,ZDFheute Nachrichten
929,aWl5ZUVYcFdFdzg=.mp4,WELT
930,R0hkalFnUmw2bU0=.mp4,WELT
931,dEpjbnZqTHN0VjA=.mp4,BILD TV
932,aWgza1JMdjJWXzg=.mp4,WELT
933,cVlINHZHRi1GeUU=.mp4,BILD TV
934,amxBbUNXamRLNk0=.mp4,ZDFheute Nachrichten
935,X0VyUDFLWXJNcjQ=.mp4,ZDFheute Nachrichten
936,Y1M2eWJzbXdWUUE=.mp4,BILD TV
937,UUl5NUNITDNSbWM=.mp4,WELT
938,dTNNOFFHSHlXSWc=.mp4,BILD TV
939,OUJ5Um1jUTR1cDQ=.mp4,BILD TV
940,OHNBbGJIdVBEYXc=.mp4,ZDFheute Nachrichten
941,eWRKZ1lfLTRMTzg=.mp4,ZDFheute Nachrichten
942,OVExbFlBTGpBLWs=.mp4,ZDFheute Nachrichten
943,bklSMXUxRFhuZ2c=.mp4,BILD TV
944,WWdyMDc5anRZanc=.mp4,ZDFheute Nachrichten
945,Slp1M0Y2eWU2NTg=.mp4,BILD TV
946,MnpDTEhpMFdBdGs=.mp4,BILD TV
947,RGxoMnpWUkhpak0=.mp4,BILD TV
948,RUF0TGkwZFBfR3c=.mp4,WELT
949,RFRJb21qdGt2SlE=.mp4,WELT
950,VnlMUGlWUWRCRUk=.mp4,ZDFheute Nachrichten
951,X25lOTZ1dUk4SDA=.mp4,ZDFheute Nachrichten
952,aWxxNVBjYzJITVU=.mp4,BILD TV
953,aWFMbjBPZENKS3M=.mp4,WELT
954,bWxjZF9Sa3V1T28=.mp4,WELT
955,azdxY0d5bi1YTVE=.mp4,ZDFheute Nachrichten
956,cnduUkVlMjlpbDA=.mp4,WELT
957,eDNhWEJJaDRLR2s=.mp4,BILD TV
958,eXJNYW1kcGNKUjg=.mp4,WELT
959,WlRZTDhTd0tfWUE=.mp4,BILD TV
960,RHFyaW9EYzlMRUk=.mp4,WELT
961,X3NrSnB5c1Q4dlE=.mp4,BILD TV
962,SE1HbmtTdFlsSEU=.mp4,WELT
963,OFo4RHVkN2Nnc0k=.mp4,WELT
964,RWVHWVllMHlXMnM=.mp4,BILD TV
965,d0ZkNkR1YlZTNzg=.mp4,ZDFheute Nachrichten
966,YXpyZ1RiTlljYXM=.mp4,WELT
967,SloxV0E5bW9Ia3c=.mp4,BILD TV
968,ZzY1RmJlbDlya0k=.mp4,BILD TV
969,cTB1MkxXNFVPMFE=.mp4,ZDFheute Nachrichten
970,VjAzTVJSMGxtZXc=.mp4,ZDFheute Nachrichten
971,YXBncTFCNnlRd3M=.mp4,BILD TV
972,eVRzME5RdzlCLW8=.mp4,ZDFheute Nachrichten
973,LVRPaUlUN1RIQms=.mp4,BILD TV
974,Mzk3NWxVMS1JQms=.mp4,BILD TV
975,Z2pmVVBodDVOVjg=.mp4,BILD TV
976,V21wb3I1OXkteUk=.mp4,BILD TV
977,WDRmbV9hVG1adWM=.mp4,ZDFheute Nachrichten
978,WW5Bdkk2aVR4QlU=.mp4,ZDFheute Nachrichten
979,RUNKMVpjNHdObms=.mp4,WELT
980,bHF0aDM1WHpvTU0=.mp4,BILD TV
981,YnZEbFFkRFlwQ1U=.mp4,WELT
982,QnRzQ09ieV84b1E=.mp4,ZDFheute Nachrichten
983,dE1uVXdTcTItSjA=.mp4,ZDFheute Nachrichten
984,OVVoZmh2a3RhZkE=.mp4,ZDFheute Nachrichten
985,aTZxRW9zQTRfdFE=.mp4,ZDFheute Nachrichten
986,RVh1MWJMZ3R6R2c=.mp4,BILD TV
987,Qk9ZR0VUYVBuNFU=.mp4,ZDFheute Nachrichten
988,SVdhN3lPWHBPRUk=.mp4,WELT
989,MFFLN3ZHNTExS0k=.mp4,WELT
990,OW9KeFAySEVGUkU=.mp4,BILD TV
991,U2ZTcE5ISWIxRFk=.mp4,WELT
992,eENzNmhjNlUxR3c=.mp4,BILD TV
993,NVdxaUNIOC04WTQ=.mp4,BILD TV
994,S2xWRkk0OE5VT0U=.mp4,ZDFheute Nachrichten
995,bnpTWktrOWM2YXM=.mp4,ZDFheute Nachrichten
996,SlBZT0xCZEJvVEE=.mp4,ZDFheute Nachrichten
997,UnBMS01DSm83dDQ=.mp4,ZDFheute Nachrichten
998,ZDVYa3ZkeWRHNnc=.mp4,WELT
999,SEFuUzZtbU05djQ=.mp4,BILD TV
1000,TVRib3QzVGQwbkE=.mp4,WELT
1001,dl81eGNBaERyV1k=.mp4,WELT
1002,aWtpcnM5ZHloZ0k=.mp4,WELT
1003,NDJfR3VYSWpsV3M=.mp4,BILD TV
1004,YXNqVTQtVWdMbVE=.mp4,WELT
1005,NGQ4VVpvQnlxbWc=.mp4,BILD TV
1006,Tk1nUWtLNmlhVjA=.mp4,WELT
1007,VmdGaDA4M2JnQ28=.mp4,ZDFheute Nachrichten
1008,S1JYWUhrbnVJUUE=.mp4,WELT
1009,N0VXV1dyLWV6RGs=.mp4,BILD TV
1010,SFk4MVR0c09KZEE=.mp4,ZDFheute Nachrichten
1011,TGxqRjhyYUZCQzg=.mp4,BILD TV
1012,RE9TSlBXYUZLbVE=.mp4,ZDFheute Nachrichten
1013,MWk1UklfeU9qczg=.mp4,ZDFheute Nachrichten
1014,cU9rOXNQNkdDV28=.mp4,ZDFheute Nachrichten
1015,QXUxWTBXMENxNTA=.mp4,WELT
1016,WXZtQVJ5TnpUbmc=.mp4,WELT
1017,Rm1BUEppeUFBN2c=.mp4,WELT
1018,SnV4Si1kRkJldlE=.mp4,BILD TV
1019,SVh2ZVpKZDJWakk=.mp4,ZDFheute Nachrichten
1020,dUJoemRydy12Wnc=.mp4,WELT
1021,ZGdpX3ZudEd4NVk=.mp4,WELT
1022,SGJ6QUNsOU1KbWs=.mp4,BILD TV
1023,bk1RQklBYW12UEU=.mp4,BILD TV
1024,R1BGbHVDZF9iTWM=.mp4,ZDFheute Nachrichten
1025,a0JfbUI2bEtXNWs=.mp4,ZDFheute Nachrichten
1026,bnBpZWstbHE2Nzg=.mp4,BILD TV
1027,Sk9jNzdiZi0tNjQ=.mp4,WELT
1028,SWlvdzI1R2ZZbFU=.mp4,BILD TV
1029,MVdudFMtYXdEMXc=.mp4,BILD TV
1030,Mzh4dlhuWjh2dmM=.mp4,WELT
1031,blpXOFFCX3h6Smc=.mp4,BILD TV
1032,cTdjQ1ZFcEp1NjA=.mp4,BILD TV
1033,NkF4Y3dwb3ZjYkU=.mp4,ZDFheute Nachrichten
1034,bzdKQ1BzY0RDYXc=.mp4,ZDFheute Nachrichten
1035,Y1JJbVVSSmhuV1U=.mp4,BILD TV
1036,VkplWEVqY0RDQXM=.mp4,ZDFheute Nachrichten
1037,X3I0ZjhuOFYwUjg=.mp4,ZDFheute Nachrichten
1038,LU5nY3lFOXpwQjg=.mp4,ZDFheute Nachrichten
1039,T1JNeEc3YTdGX3M=.mp4,BILD TV
1040,SjRrZWNteWdkT1k=.mp4,ZDFheute Nachrichten
1041,MjRkcWVFelk3WHc=.mp4,BILD TV
1042,WlpXM3UwSGkyTTQ=.mp4,WELT
1043,b3pyNmI5TVhremM=.mp4,ZDFheute Nachrichten
1044,QUJ1TG9RZkctVlU=.mp4,ZDFheute Nachrichten
1045,QnBXQTJNb09RV1k=.mp4,BILD TV
1046,a2g4cktXYnpLb2M=.mp4,ZDFheute Nachrichten
1047,bkJ4eFJRQkVwdk0=.mp4,BILD TV
1048,c0VlRHR3MG1hUUE=.mp4,WELT
1049,MGh6SXhhS0NKcGM=.mp4,ZDFheute Nachrichten
1050,YVgtRGdGYTFXTGM=.mp4,ZDFheute Nachrichten
1051,cVo3OHRSVjl2VjA=.mp4,ZDFheute Nachrichten
1052,eW45NUMxUWtxY0U=.mp4,WELT
1053,Y09TX0ZZSzJXOUE=.mp4,BILD TV
1054,UXBCTHBhdURVOEk=.mp4,ZDFheute Nachrichten
1055,aHBZWXo3TzQ5OWM=.mp4,ZDFheute Nachrichten
1056,UndQNWJpS0w4Y1E=.mp4,ZDFheute Nachrichten
1057,SGlNQ00yMkk1Y0E=.mp4,BILD TV
1058,ZWh0NXRabHUwb00=.mp4,BILD TV
1059,S2tYejNjVUl6cEE=.mp4,WELT
1060,V2JodXFiRXdRbnc=.mp4,ZDFheute Nachrichten
1061,R0dWR0NVTXdzazg=.mp4,WELT
1062,ckZwbUIxMlpyS00=.mp4,BILD TV
1063,akEwYWRBYXZ2Yjg=.mp4,BILD TV
1064,QmQ5MFZDMElMRlU=.mp4,WELT
1065,OEVJM3k4M0dYWGM=.mp4,ZDFheute Nachrichten
1066,VzVnUDdxd3lFbXc=.mp4,WELT
1067,WkhMcVZDbEJQZnM=.mp4,ZDFheute Nachrichten
1068,NmVyUGVuaXJOQzA=.mp4,ZDFheute Nachrichten
1069,d1BieW9GU1BaYUE=.mp4,BILD TV
1070,alBjOUFKd3REa00=.mp4,ZDFheute Nachrichten
1071,Y1otQ0F2dThObmc=.mp4,BILD TV
1072,c0VIM0tkdHRhUUU=.mp4,BILD TV
1073,dVJhRThZYi1Gd1k=.mp4,WELT
1074,MF9wZk5XeW1taTA=.mp4,WELT
1075,YVpMV0JTWjk3ek0=.mp4,BILD TV
1076,WEx1VFpyb1JUR0k=.mp4,BILD TV
1077,djhVWHVXNzBYeDg=.mp4,WELT
1078,YVJoOHJCbkVhZEk=.mp4,ZDFheute Nachrichten
1079,ZEFkNDl5cnJQcjA=.mp4,ZDFheute Nachrichten
1080,WmdKeGNSVnY2UVU=.mp4,BILD TV
1081,ZzZ3VUFaM2pBdGM=.mp4,WELT
1082,MFhoNUZIYjBQNTQ=.mp4,ZDFheute Nachrichten
1083,RE1XNkFERDV1dWM=.mp4,WELT
1084,NU9ReHF5elRiS28=.mp4,BILD TV
1085,dUc5NU9leVRfRTA=.mp4,BILD TV
1086,Yld2cWktVDhENlk=.mp4,WELT
1087,SVAyUDBwQ0xWSXM=.mp4,BILD TV
1088,T1Q0WkdzSTlZZ2M=.mp4,BILD TV
1089,UnBxVnNyY245WFE=.mp4,BILD TV
1090,NmNWNUd3RWU1Vmc=.mp4,WELT
1091,S0R5S05VSjFjTW8=.mp4,WELT
1092,b3I4NEYxSWdjZEU=.mp4,BILD TV
1093,UmdsVHdGUUpfTUk=.mp4,BILD TV
1094,MnlnZktPRXhjUmM=.mp4,WELT
1095,TllmRXFWZkw5MmM=.mp4,BILD TV
1096,MXo5Uk92QVZaWms=.mp4,BILD TV
1097,NDQ3RUJUczRkTE0=.mp4,WELT
1098,S3B3VDRJTURWekE=.mp4,BILD TV
1099,U0haTEx2YzB6blU=.mp4,BILD TV
1100,V21mSTc5dWdrLVE=.mp4,WELT
1101,VnpWRm51OHlEOHc=.mp4,WELT
1102,cGJ6cF83VWtfdkk=.mp4,WELT
1103,cFpPYzVvekdDQW8=.mp4,BILD TV
1104,Rmk4aFVVdVpiSFE=.mp4,BILD TV
1105,Z0tzSmR5Nmx1Y1k=.mp4,BILD TV
1106,SFpELVZxakZzMHc=.mp4,WELT
1107,UU84Q0RoZnpFNDA=.mp4,ZDFheute Nachrichten
1108,Vjc0UUljZUQxS0U=.mp4,ZDFheute Nachrichten
1109,X3E5RHRFV2R1Qlk=.mp4,BILD TV
1110,TU50Y1pTRFdVN0U=.mp4,ZDFheute Nachrichten
1111,YndHS045RnB2V1E=.mp4,WELT
1112,dEdUdURKTTFhbGs=.mp4,WELT
1113,MW5zNGczc29HNGc=.mp4,WELT
1114,eWdrSVA5YnM1NFU=.mp4,ZDFheute Nachrichten
1115,YUcwZkVxNE4xUWc=.mp4,ZDFheute Nachrichten
1116,dVZuaGJvLXdaR3c=.mp4,WELT
1117,QnpqbE1IQTRmdkU=.mp4,BILD TV
1118,R0xzM2FVVE9sc00=.mp4,WELT
1119,dTJwQWtmX2RVWmM=.mp4,BILD TV
1120,Ym85UzlRcW5NaDA=.mp4,BILD TV
1121,V3hFU1o3YmE1b3c=.mp4,ZDFheute Nachrichten
1122,dTVDRG1ydVV5dDA=.mp4,ZDFheute Nachrichten
1123,LUExWEM5eEdWZEE=.mp4,BILD TV
1124,Y2doQXh6Wmd6SHc=.mp4,WELT
1125,R0lBUmY2M3k0TG8=.mp4,BILD TV
1126,V1BKQ1VMQzhkSE0=.mp4,ZDFheute Nachrichten
1127,TjRXajhnZmM4ZXc=.mp4,BILD TV
1128,RFhucjZqSHNWd3M=.mp4,BILD TV
1129,NHNNSGZJZjBqZkk=.mp4,WELT
1130,MkpJZndzdjI4RXM=.mp4,BILD TV
1131,RnJrNVo1OUZMVFE=.mp4,BILD TV
1132,Vk5oNktza2JWdTg=.mp4,BILD TV
1133,RlFBZUV0RENLeUk=.mp4,BILD TV
1134,QWk4dmNzcnVIblk=.mp4,BILD TV
1135,YzhocFVoTXpJeFU=.mp4,ZDFheute Nachrichten
1136,UU0yZHBWUVNfMTg=.mp4,ZDFheute Nachrichten
1137,YWVhc1RmZHZOdDg=.mp4,BILD TV
1138,azZqN3NyUEdJVGM=.mp4,WELT
1139,SnI1bHQwaWQzRHM=.mp4,WELT
1140,RDZBeGk1Zm9PcFU=.mp4,BILD TV
1141,YWY3bTk1amEzUkU=.mp4,BILD TV
1142,UFhkM09jTTFzMFk=.mp4,WELT
1143,QjZRTGhBbDQwb0U=.mp4,WELT
1144,T0tVR0Zac2VvelU=.mp4,WELT
1145,VmF0blplUk1XSEk=.mp4,BILD TV
1146,VlhONnZRM1VzNG8=.mp4,WELT
1147,QmtEX2N1RF92c0U=.mp4,WELT
1148,TDJZbld4UGg5UDg=.mp4,BILD TV
1149,dm14UW9TV2hjTEU=.mp4,WELT
1150,Zk1Pbm5MZ05DSms=.mp4,BILD TV
1151,eW9aZTItSks0dWs=.mp4,BILD TV
1152,bEU1MWIwVnVObzg=.mp4,WELT
1153,SGFnVVY4ZWdWYTQ=.mp4,WELT
1154,NldTaUx6MFZOU0U=.mp4,WELT
1155,Z20tSXZ3dFYtQUU=.mp4,WELT
1156,WFZVY0pJTm1XSlk=.mp4,BILD TV
1157,REZkc0I1NmlTWDQ=.mp4,BILD TV
1158,a0dGWVFrWlNEa2s=.mp4,BILD TV
1159,T0VwQ1RxS2I5Vms=.mp4,BILD TV
1160,TUMzSzFzWkFDajQ=.mp4,WELT
1161,WXFrcFFxSUVDbG8=.mp4,BILD TV
1162,UTVUdkJpcFhBSDg=.mp4,BILD TV
1163,TE1jMUhkQzROczQ=.mp4,BILD TV
1164,LW9jQTB1MHFOV1E=.mp4,ZDFheute Nachrichten
1165,YjNFZnU4b1VyRkk=.mp4,BILD TV
1166,eUwyaS1OOGVzZ0U=.mp4,WELT
1167,eU16d3Z3c0p4UzQ=.mp4,BILD TV
1168,MEgtekJiLS1qS2s=.mp4,WELT
1169,VU5TX3ZmQVI0LUk=.mp4,WELT
1170,LVlpay1xSFhhcGc=.mp4,ZDFheute Nachrichten
1171,MnpCSHdfV2NaTDA=.mp4,BILD TV
1172,VFBPdk1vX1Zwamc=.mp4,BILD TV
1173,UzB5ZE1aRThmUWs=.mp4,WELT
1174,OXJnWnFOZFRzRms=.mp4,WELT
1175,RlpGdFNaNTQxYzA=.mp4,BILD TV
1176,MjBHMWxNa2xENFE=.mp4,WELT
1177,SmZSTDdtLUxxZWs=.mp4,WELT
1178,eWhsTndsVzlMWGc=.mp4,BILD TV
1179,a1RnQnhPQURoQnM=.mp4,WELT
1180,eGJkUEpKSGZkZUE=.mp4,WELT
1181,OFhSZEVLY2RiRjQ=.mp4,WELT
1182,ZE9vYlJDTGd4YXc=.mp4,WELT
1183,N1lxUDB3SzMwSkE=.mp4,BILD TV
1184,MndVRjNxemNmYVk=.mp4,WELT
1185,OFMtbjRBM3JkTVk=.mp4,WELT
1186,RHF4SWpxUzNwVFE=.mp4,WELT
1187,T1RDQm9aMzNhUDQ=.mp4,WELT
1188,VnNOSG9QX1hSazg=.mp4,BILD TV
1189,Nkc3ZTM3aDJNVVU=.mp4,BILD TV
1190,NWdfZDVrY0RnbFU=.mp4,WELT
1191,ek43aVp0dTJZbUU=.mp4,WELT
1192,QURob29DMDhuZmc=.mp4,WELT
1193,Vjc1OHFLRlJDZEU=.mp4,ZDFheute Nachrichten
1194,dHZlQ08xMUloc1U=.mp4,WELT
1195,a3k4Y1FpM2tTdzQ=.mp4,WELT
1196,LUdZQ2lJdUJjQzg=.mp4,WELT
1197,WGNONUhRdEM2amM=.mp4,BILD TV
1198,cHFUZ1ZUZm10Skk=.mp4,WELT
1199,ampXZUkzbTJyMTQ=.mp4,ZDFheute Nachrichten
1200,SXhxQUxMdjZTdHc=.mp4,WELT
1201,X3Bjbzh5R0U5Q1k=.mp4,WELT
1202,MElNNkpjWjJHTU0=.mp4,ZDFheute Nachrichten
1203,VkVKbnoxcWdCa0U=.mp4,WELT
1204,QVROUzlMOW9xT1k=.mp4,BILD TV
1205,UFBMOEhDTjdIWEU=.mp4,ZDFheute Nachrichten
1206,b2dROUVSa1Nhbms=.mp4,WELT
1207,aGF1SmRDWWJ0MEk=.mp4,BILD TV
1208,ck5DRm1WOUk5cG8=.mp4,WELT
1209,OUxuWlVRSlVjX0U=.mp4,ZDFheute Nachrichten
1210,cWdHdUttV2Q1eGc=.mp4,WELT
1211,QWYwSUE3R2RNMWs=.mp4,BILD TV
1212,RlMyUjZobk04QUk=.mp4,ZDFheute Nachrichten
1213,bFpHdV9UdkpObTg=.mp4,WELT
1214,UThlbHdKeFh4WE0=.mp4,WELT
1215,dHQweEI5U1YwUUE=.mp4,WELT
1216,YWFCTW1OYVNrQms=.mp4,WELT
1217,Rjd2S01pbTBJVWs=.mp4,BILD TV
1218,YkNvNUdRQm1fTG8=.mp4,BILD TV
1219,VjB6QXEwNWxJZDg=.mp4,WELT
1220,dVVqNkNfbU5lLVk=.mp4,WELT
1221,cDFEYTBydmhHWVk=.mp4,WELT
1222,OEFWVzBoQ3hDRlk=.mp4,BILD TV
1223,cVhkU19OMnc3QkE=.mp4,BILD TV
1224,WXRBRDV5cTJ4eTQ=.mp4,BILD TV
1225,S054a045Z2pDRVU=.mp4,WELT
1226,c0FiRGkyUE1ucVE=.mp4,WELT
1227,QjQyMWw0U0QtZXc=.mp4,WELT
1228,NnlMLXM4cDhGV1k=.mp4,BILD TV
1229,ZnJxRUtCZW15WHc=.mp4,BILD TV
1230,ZVh5bDlkUDNZdzA=.mp4,BILD TV
1231,V0gxcGdZTkFlcVE=.mp4,WELT
1232,TkJpc2ljbGJpV2M=.mp4,WELT
1233,M2xxSXRrVFVqTFk=.mp4,WELT
1234,Q09lU2NONlNmU00=.mp4,WELT
1235,SEJ3VmRMZ05tR2M=.mp4,WELT
1236,aDREUDFhX3pUejQ=.mp4,BILD TV
1237,RGVJU205bTNUc2M=.mp4,BILD TV
1238,VEdRVUw4cy1PNnc=.mp4,BILD TV
1239,S1g1ZzlhakM3QjA=.mp4,ZDFheute Nachrichten
1240,Q01fd2VHRUsySEk=.mp4,WELT
1241,aUlkN1cwRlNtUkE=.mp4,BILD TV
1242,cFdaREYzcko3NDQ=.mp4,BILD TV
1243,V0F3Y05Zd3ZjbUU=.mp4,BILD TV
1244,YTBIV2tZdTlmZms=.mp4,ZDFheute Nachrichten
1245,UFRlLURTdXpUVnM=.mp4,ZDFheute Nachrichten
1246,NEplQVZQMkxLdzA=.mp4,BILD TV
1247,Yi1PNmdOYzVHeE0=.mp4,ZDFheute Nachrichten
1248,R1RDMWV3SnVKUEk=.mp4,ZDFheute Nachrichten
1249,OGI0ZUJJR3gzRzA=.mp4,BILD TV
1250,dDJQSTZTUF9SUDA=.mp4,ZDFheute Nachrichten
1251,VW04cXhEY1Nldlk=.mp4,ZDFheute Nachrichten
1252,WjI2dzl3bDhWV0U=.mp4,BILD TV
1253,dUdqQUs3ckRPQjA=.mp4,ZDFheute Nachrichten
1254,a3VqWE5DMDlYbms=.mp4,ZDFheute Nachrichten
1255,YmRMTmpDQnJYMWs=.mp4,WELT
1256,OEJBaFpxckstQUk=.mp4,BILD TV
1257,YTRjRXVmSmNCSVk=.mp4,ZDFheute Nachrichten
1258,cFBUVzVKckE4cjQ=.mp4,WELT
1259,S1ZXN21PWGdpNTA=.mp4,BILD TV
1260,T2xTQ0ZQVjNleDA=.mp4,BILD TV
1261,R3k1YnNtYl9yVms=.mp4,ZDFheute Nachrichten
1262,dGVHM3pxRmc4VnM=.mp4,WELT
1263,NDMyREJrQ2hLRHM=.mp4,ZDFheute Nachrichten
1264,U1MydGN4cUVsZUE=.mp4,WELT
1265,dHBGQkcyejdISVU=.mp4,ZDFheute Nachrichten
1266,am90RGRGQ3ZYU28=.mp4,WELT
1267,YmdjMnVoY1VKY3c=.mp4,ZDFheute Nachrichten
1268,bzR3bVV0cU5DNEE=.mp4,WELT
1269,RjAyM052c1VXdkU=.mp4,ZDFheute Nachrichten
1270,a3BSdWd0SUlfMEE=.mp4,ZDFheute Nachrichten
1271,ZVJ6QlpsMmJrMUk=.mp4,BILD TV
1272,QkxldzB0Z2pJYzA=.mp4,BILD TV
1273,dGRqSVhGQkNTLTQ=.mp4,ZDFheute Nachrichten
1274,M1BySlJPX0JKYTA=.mp4,BILD TV
1275,RllkRUF5MW5EMmM=.mp4,ZDFheute Nachrichten
1276,UkxrbEE3bHdvWFE=.mp4,ZDFheute Nachrichten
1277,Zzh3OVdnNlN6RWs=.mp4,WELT
1278,MUZMeVFzUUk3ZDg=.mp4,ZDFheute Nachrichten
1279,QW5JcDY5cHhYM0k=.mp4,ZDFheute Nachrichten
1280,V0ljeHB6UXFSTkk=.mp4,ZDFheute Nachrichten
1281,Sl9nbmNpcjEzN0E=.mp4,ZDFheute Nachrichten
1282,YWdUdlFfekJ1Rzg=.mp4,ZDFheute Nachrichten
1283,VXRpVEJaTXNSZ3M=.mp4,WELT
1284,cjExR1BMeTl4LUU=.mp4,ZDFheute Nachrichten
1285,N3FkSEhOcjQtbTQ=.mp4,BILD TV
1286,Y0poWUVuSldueEE=.mp4,WELT
1287,eEMwb25ILVNyc00=.mp4,ZDFheute Nachrichten
1288,UWtJNGFuV2c3ZXM=.mp4,BILD TV
1289,TklFVW1tdkktWXM=.mp4,BILD TV
1290,TW1QcG1oWDdRLUE=.mp4,ZDFheute Nachrichten
1291,VmdXWmpkZlNtdm8=.mp4,ZDFheute Nachrichten
1292,cUhMd2dlOFg5Ulk=.mp4,ZDFheute Nachrichten
1293,SGdoSEY2MzJRSk0=.mp4,WELT
1294,cVZIS2VHOEtvUUE=.mp4,BILD TV
1295,Nm5XZ1ZsUWNJbTQ=.mp4,WELT
1296,dXNuTEl0QmlXWG8=.mp4,WELT
1297,WklGNldpRWEtemc=.mp4,BILD TV
1298,dWN1MDdKR0ZoVDA=.mp4,ZDFheute Nachrichten
1299,dmxrTlRWblVaMDg=.mp4,BILD TV
1300,LW10eHpKN1lXZjA=.mp4,BILD TV
1301,c1MzOVVhbWxmaTg=.mp4,WELT
1302,ODc3ZUViSV9vTzQ=.mp4,WELT
1303,UTd5eVFDOEphU1E=.mp4,WELT
1304,bjh5Nmt6bWdnTlk=.mp4,WELT
1305,SHpHeTdrX1hlVUE=.mp4,BILD TV
1306,SVNLTzZmZXRIQ3c=.mp4,ZDFheute Nachrichten
1307,LXdYQW1EX2MzZDg=.mp4,ZDFheute Nachrichten
1308,V0RlQ0dqdVNiRHM=.mp4,BILD TV
1309,RjFTb2lJZVVNR2M=.mp4,BILD TV
1310,aXBEbkY3cDljYTQ=.mp4,BILD TV
1311,QXNTQkxBS3VJa0U=.mp4,ZDFheute Nachrichten
1312,SnJoUE5OczJZbWM=.mp4,BILD TV
1313,Rm50WDVLbUY1THM=.mp4,ZDFheute Nachrichten
1314,S21qaUJ3clNPeUU=.mp4,BILD TV
1315,Z3FQVXZIVFdMY3M=.mp4,BILD TV
1316,aFpCUDN2U0MzUW8=.mp4,BILD TV
1317,R1JJdFQ5ZVBFd3M=.mp4,WELT
1318,bnNXQUEzQ0VzajQ=.mp4,BILD TV
1319,WlJhR1FnZDA5Mmc=.mp4,ZDFheute Nachrichten
1320,eHc1OW5BaV9BUjA=.mp4,BILD TV
1321,TDE5R2FvRkU4Q2s=.mp4,BILD TV
1322,SnNhVy1MZXhkZ1k=.mp4,BILD TV
1323,TTZIczhrNzA1Um8=.mp4,BILD TV
1324,VjVwSnltOFdfMjQ=.mp4,ZDFheute Nachrichten
1325,LUVDQWNuTTZKX00=.mp4,BILD TV
1326,amQ0ekF1cmFSWGM=.mp4,BILD TV
1327,QVZDbS1ZYlIxQ0k=.mp4,BILD TV
1328,a2t0X1plWmV0a2c=.mp4,BILD TV
1329,UlBPVk1tNTVES1k=.mp4,BILD TV
1330,bjFxQnIwaE1PWDA=.mp4,BILD TV
1331,emF1aGRqV25nYVU=.mp4,BILD TV
1332,aXJDME9pa1RnNU0=.mp4,ZDFheute Nachrichten
1333,U1JGRW9zS3pweG8=.mp4,ZDFheute Nachrichten
1334,UTM0TEFXbEJIMmc=.mp4,BILD TV
1335,ZFJBd2ptOGVVcGs=.mp4,WELT
1336,dWVXVlhiTDJYZzQ=.mp4,WELT
1337,TXl2WTdFRUI3aWc=.mp4,ZDFheute Nachrichten
1338,aERqczV6cUt3STQ=.mp4,ZDFheute Nachrichten
1339,UDRXYXY3czVfMFU=.mp4,ZDFheute Nachrichten
1340,REJSOTVWRkVnS1U=.mp4,WELT
1341,dm1PT2IwcDZ4NlU=.mp4,ZDFheute Nachrichten
1342,c3NoeUxJd0p5N3M=.mp4,BILD TV
1343,VE5rbVNhcFN5M1k=.mp4,ZDFheute Nachrichten
1344,LTZOdVlWd3Q5NlU=.mp4,BILD TV
1345,N292VFRYQnRXcXM=.mp4,ZDFheute Nachrichten
1346,M1c5RzBmeTY1Zm8=.mp4,ZDFheute Nachrichten
1347,eVNmNmgybDMyS3M=.mp4,ZDFheute Nachrichten
1348,cmtQYjBTRWVvbVk=.mp4,BILD TV
1349,TTlic3BqWUNkNTA=.mp4,ZDFheute Nachrichten
1350,R2lCNTl6a0k3cGM=.mp4,ZDFheute Nachrichten
1351,dDJ4bkhJdjdfYjg=.mp4,ZDFheute Nachrichten
1352,ZVBjSktuQjJOYTg=.mp4,BILD TV
1353,ZVJVU2JOamt3Ymc=.mp4,BILD TV
1354,VFp4WU55c1pWOTA=.mp4,BILD TV
1355,LVoyb0hIRHZhTEk=.mp4,ZDFheute Nachrichten
1356,R3kxVGtNQ0VxQVE=.mp4,ZDFheute Nachrichten
1357,MjRSSkZaM2c1NGc=.mp4,ZDFheute Nachrichten
1358,RWtMOWZDWVo0QnM=.mp4,ZDFheute Nachrichten
1359,T3FFengxN2pheDg=.mp4,ZDFheute Nachrichten
1360,Z3JZU014aHZMX3M=.mp4,ZDFheute Nachrichten
1361,WHFvVTRTLVZMN3c=.mp4,ZDFheute Nachrichten
1362,VE4wWUJHNW4tOEE=.mp4,WELT
1363,bk9IRFMxQ1d4UGc=.mp4,WELT
1364,ZEw5NkNjMXZlV00=.mp4,ZDFheute Nachrichten
1365,aldoQkROUEIyc3M=.mp4,WELT
1366,Zk5VcktkWE5SaDQ=.mp4,BILD TV
1367,dHpiLUlHVUxpSUE=.mp4,ZDFheute Nachrichten
1368,RFVMalRueHlLQ1E=.mp4,BILD TV
1369,d19yOUdTZnBIOUk=.mp4,BILD TV
1370,MUt6UGFHNXNkWlU=.mp4,ZDFheute Nachrichten
1371,NXhydzg5LXlFbjg=.mp4,BILD TV
1372,NEttUGp1UXh6cjA=.mp4,BILD TV
1373,NGxhUF9mckJvQ2c=.mp4,ZDFheute Nachrichten
1374,Q1ZCN2paVEtHOTg=.mp4,ZDFheute Nachrichten
1375,WVJub3ZhWFE0ZEk=.mp4,BILD TV
1376,NkRWUXJRN1ZjZHc=.mp4,BILD TV
1377,a1lSaUNZV2MzM2M=.mp4,ZDFheute Nachrichten
1378,SE9TMmRJX0lKVjA=.mp4,WELT
1379,OW54cktWdU9WWWc=.mp4,ZDFheute Nachrichten
1380,b2Y4LWtJcnBmSEE=.mp4,ZDFheute Nachrichten
1381,Zlp6U2ljQm4zSFU=.mp4,ZDFheute Nachrichten
1382,NHIwb1BHNDhTems=.mp4,ZDFheute Nachrichten
1383,YVNwUEo3NnB4NlE=.mp4,ZDFheute Nachrichten
1384,aGp4YW1Fb0JlR2M=.mp4,ZDFheute Nachrichten
1385,Nk9hU3lqcTlabUU=.mp4,BILD TV
1386,RWh4czVzMFJ0SEE=.mp4,BILD TV
1387,NEhXVHRLTlpPbnM=.mp4,WELT
1388,YXNvUGItcjRPNjQ=.mp4,BILD TV
1389,dlJpMDdDWTJTVUU=.mp4,ZDFheute Nachrichten
1390,Y1pwMl92ZTlaTGM=.mp4,WELT
1391,QXlFN3Q2eGp2N0k=.mp4,BILD TV
1392,MWtkb2FORGVwamM=.mp4,ZDFheute Nachrichten
1393,TkZPa09ad0tEYU0=.mp4,BILD TV
1394,amVQU3dFRFcwN2s=.mp4,ZDFheute Nachrichten
1395,MUJ0dzBudFoyYnc=.mp4,WELT
1396,dGtjb2xnVjF3cEE=.mp4,ZDFheute Nachrichten
1397,VzFXeVczMnNzSjA=.mp4,ZDFheute Nachrichten
1398,ajRZMUpQZGplZFE=.mp4,ZDFheute Nachrichten
1399,blYwUTU0ZmVOb2M=.mp4,BILD TV
1400,TWFrdDRhaTlWWHc=.mp4,ZDFheute Nachrichten
1401,Q0U5bml5TVgzQTg=.mp4,ZDFheute Nachrichten
1402,eGltSjZ0bzE4NHc=.mp4,BILD TV
1403,TzZvUXBZa21FUUE=.mp4,ZDFheute Nachrichten
1404,WU83RER0b0RjVWc=.mp4,ZDFheute Nachrichten
1405,U2pRMWlRRGFqNVk=.mp4,WELT
1406,QXlkM0ZTMnM5NTg=.mp4,BILD TV
1407,NUdaaFVSYldxckU=.mp4,WELT
1408,ck1LOTRjREQyMDQ=.mp4,ZDFheute Nachrichten
1409,OTVlYlQ0SktwdGs=.mp4,ZDFheute Nachrichten
1410,RVViR04ybFh0YTQ=.mp4,WELT
1411,Vkt6czYxb0RSTkE=.mp4,ZDFheute Nachrichten
1412,NDhzaVRCamFqMjA=.mp4,WELT
1413,cjZPWWZHaWljSXc=.mp4,ZDFheute Nachrichten
1414,TVRGTVR3RGhPRlk=.mp4,ZDFheute Nachrichten
1415,aWlYTlYtOVBlVU0=.mp4,ZDFheute Nachrichten
1416,eVJkZUVkaGpZNUE=.mp4,ZDFheute Nachrichten
1417,d3g2QWtYMjR5elU=.mp4,WELT
1418,aWNFTV8tVjlhYVk=.mp4,WELT
1419,ajZpb1dPelI5dW8=.mp4,BILD TV
1420,bF85em1TbWs5Tmc=.mp4,ZDFheute Nachrichten
1421,TGhidmJ4SENMd0E=.mp4,BILD TV
1422,YXpic3E3WjRvemc=.mp4,ZDFheute Nachrichten
1423,dUZUWi1IdWNHNzg=.mp4,ZDFheute Nachrichten
1424,Mm81NG9KM2x5M2s=.mp4,BILD TV
1425,RG1VWEFpczktbm8=.mp4,ZDFheute Nachrichten
1426,ZFQ5OExSN25nYzA=.mp4,BILD TV
1427,SVJiWTNqVkFrUlk=.mp4,WELT
1428,REVyakh5Wks4OGM=.mp4,ZDFheute Nachrichten
1429,RVlmM1VNeXBkeFE=.mp4,ZDFheute Nachrichten
1430,RnRkQUVlQXp3YUU=.mp4,BILD TV
1431,YzR4cXNIMExvbGs=.mp4,WELT
1432,YlZuUTRObC03a0k=.mp4,ZDFheute Nachrichten
1433,ZS1tN3dDS1RsM2M=.mp4,BILD TV
1434,WHVCWVlWUHhaRVU=.mp4,ZDFheute Nachrichten
1435,OHRia1lNXzRBRzg=.mp4,WELT
1436,ZmtBOWZCZ2FadHM=.mp4,WELT
1437,bU15Ym9OUDhEWkk=.mp4,BILD TV
1438,R1ltTDlWNUo4THM=.mp4,WELT
1439,Wkl0QzIwTzFacVk=.mp4,WELT
1440,ZXFWSWxobVhXZW8=.mp4,ZDFheute Nachrichten
1441,Ylg1eDlzeVdidm8=.mp4,ZDFheute Nachrichten
1442,YlZ5TF9JNXYwUnc=.mp4,WELT
1443,WF9ZUWNWbXc4N3M=.mp4,ZDFheute Nachrichten
1444,RUJSejhfQ1ozc2s=.mp4,WELT
1445,bVBOai05ZmN2Nmc=.mp4,WELT
1446,NmNEWU1yUDdVLTQ=.mp4,ZDFheute Nachrichten
1447,dkZsU1hNMzJ3QXc=.mp4,WELT
1448,Z2pVa3YzWXk1Mkk=.mp4,BILD TV
1449,dnVmVkFnTndONXM=.mp4,ZDFheute Nachrichten
1450,SWI0cFFzZmVWV0k=.mp4,BILD TV
1451,OWFDZkw3Q3ZVTDg=.mp4,ZDFheute Nachrichten
1452,bDJNU2c1VnJwaVk=.mp4,ZDFheute Nachrichten
1453,TGtwckpKVEJtY0E=.mp4,ZDFheute Nachrichten
1454,OHVtMzFLTUdBRjQ=.mp4,ZDFheute Nachrichten
1455,V0tQYmdFczdhRXc=.mp4,ZDFheute Nachrichten
1456,Vzc4S25aWkNOV1E=.mp4,BILD TV
1457,R0NvRjgzSzVZalE=.mp4,WELT
1458,dTZ5UmpxZmJHT1k=.mp4,ZDFheute Nachrichten
1459,TzZmc1FVcFlfNTA=.mp4,ZDFheute Nachrichten
1460,N3ZFcENzT3NZZGM=.mp4,BILD TV
1461,T0VQVGpBbDNpTGc=.mp4,WELT
1462,Q25JQWpHSTdkbjQ=.mp4,WELT
1463,SjM2WVJJblYwSTg=.mp4,BILD TV
1464,eHNlZnp1eDFCRm8=.mp4,ZDFheute Nachrichten
1465,clBpeS1OMVRPSVE=.mp4,ZDFheute Nachrichten
1466,bDVHZ2NvdUQtdXc=.mp4,WELT
1467,OW5lcERoRTF5S0E=.mp4,ZDFheute Nachrichten
1468,NE1xVUpzMGVWTHM=.mp4,BILD TV
1469,R19FZ042QTRZcnc=.mp4,ZDFheute Nachrichten
1470,MWY1MzVhT1N6ZjA=.mp4,ZDFheute Nachrichten
1471,OUh3a0xLVXBpWVk=.mp4,BILD TV
1472,WmwzLV9tc0haSnM=.mp4,ZDFheute Nachrichten
1473,Q2RiRDF6eThNeUE=.mp4,WELT
1474,NXdhT093WUVBQk0=.mp4,BILD TV
1475,R0M1QzNKVkZBMVU=.mp4,WELT
1476,cV9FNUhXS2VHejg=.mp4,WELT
1477,cE9GTGtva0hEQ00=.mp4,ZDFheute Nachrichten
1478,Zi0tLVhUMVRJMWc=.mp4,WELT
1479,dlBERF9zcEFzMm8=.mp4,BILD TV
1480,SzJWaXFjSXZpQ0E=.mp4,ZDFheute Nachrichten
1481,RGFxUHdEbkhzUEE=.mp4,ZDFheute Nachrichten
1482,TFhfWG5HdmVHQU0=.mp4,ZDFheute Nachrichten
1483,VVBPZXZOZ2N1YlU=.mp4,ZDFheute Nachrichten
1484,UjJ6ZElLQmpRNjA=.mp4,BILD TV
1485,bU5EOFVoZXNoQVE=.mp4,ZDFheute Nachrichten
1486,WVNCc09MOHk0NmM=.mp4,BILD TV
1487,cXppWHJ3VzZqLUk=.mp4,BILD TV
1488,VkxubWI1UG0yV1k=.mp4,ZDFheute Nachrichten
1489,NWhwQm5BY1lSemM=.mp4,WELT
1490,M1NXWkFSdlNkU28=.mp4,BILD TV
1491,N0pyeFFVSm5JdzQ=.mp4,ZDFheute Nachrichten
1492,ejhyRFozLUN1TFk=.mp4,BILD TV
1493,S2JIdXJUelcxRW8=.mp4,WELT
1494,Sm94WHdIeWlQYk0=.mp4,ZDFheute Nachrichten
1495,dDVzYkViZ1RXUnM=.mp4,ZDFheute Nachrichten
1496,VWlyckozRkNZN1E=.mp4,BILD TV
1497,TEowUmpZakJ4UWM=.mp4,ZDFheute Nachrichten
1498,aEdUQVlKQXZ5MWM=.mp4,ZDFheute Nachrichten
1499,ZTdUeURfU0dmemc=.mp4,ZDFheute Nachrichten
1500,V1U1SFFRQVNMc1k=.mp4,ZDFheute Nachrichten
1501,VGxoYXhob09Hc0E=.mp4,BILD TV
1502,WnRCcmhFNFpYNUk=.mp4,WELT
1503,a3dyMVNnSV9pMzQ=.mp4,BILD TV
1504,UHBiSXVlbllGUVU=.mp4,BILD TV
1505,d0IxX2xMRTM5VFk=.mp4,BILD TV
1506,NVl6dWpRQzM0QmM=.mp4,BILD TV
1507,c3poc1lDVGt6cW8=.mp4,BILD TV
1508,ZGxSNThwZGRZR0E=.mp4,BILD TV
1509,a2otajYyRDFCWGs=.mp4,ZDFheute Nachrichten
1510,T0g1RmlOWnNoZWs=.mp4,ZDFheute Nachrichten
1511,N092Um9hVmIxUTg=.mp4,BILD TV
1512,ZzBEU0puTnBUTXM=.mp4,BILD TV
1513,NFhBUGxuckx6a3c=.mp4,BILD TV
1514,SUFSNXRUdWpacjQ=.mp4,BILD TV
1515,Nl93czZsRzRXWGM=.mp4,BILD TV
1516,WmlvOEtaNEYzRnc=.mp4,ZDFheute Nachrichten
1517,UWpkZ0pmR1ZWbDQ=.mp4,ZDFheute Nachrichten
1518,aW84bzRHc2V2NnM=.mp4,BILD TV
1519,MUdlOXU2TG1LZ2M=.mp4,ZDFheute Nachrichten
1520,eVNzVTF2S3Q5Q1E=.mp4,ZDFheute Nachrichten
1521,cnduazBON0owc2c=.mp4,BILD TV
1522,c0huYi16Y3BmXzA=.mp4,WELT
1523,d1JySmR6d2dBWWs=.mp4,ZDFheute Nachrichten
1524,QW5lc3BzNjc0VnM=.mp4,ZDFheute Nachrichten
1525,MHVxYzFNd2xGX2M=.mp4,ZDFheute Nachrichten
1526,VE5kRHA5N2hhLUk=.mp4,BILD TV
1527,R1NUZzM3YURkLUU=.mp4,BILD TV
1528,UTFYY2ZMSUxlaU0=.mp4,BILD TV
1529,N0xZLTBKcUZveEE=.mp4,BILD TV
1530,a2MwdWxCemktQlE=.mp4,BILD TV
1531,S28wTXBLal9Cbjg=.mp4,ZDFheute Nachrichten
1532,RGNka3FTM1V3SW8=.mp4,ZDFheute Nachrichten
1533,ZlFQSllkNnFsaGc=.mp4,BILD TV
1534,LTlVQmVPTU8wZmc=.mp4,BILD TV
1535,b2VPMjBNUkp1R1E=.mp4,BILD TV
1536,UzRZcm5TZ1JjaFE=.mp4,BILD TV
1537,MFo1ZjBsd1ljYXM=.mp4,BILD TV
1538,RFJHZkVRMkFxNDQ=.mp4,ZDFheute Nachrichten
1539,dXlfV2paNzExOVU=.mp4,BILD TV
1540,SHhUMmQyZE5xZ0U=.mp4,ZDFheute Nachrichten
1541,UTBmbF92aGNSTVk=.mp4,ZDFheute Nachrichten
1542,NXk5NXJIRkxnNFE=.mp4,ZDFheute Nachrichten
1543,bUo3c0x1QV9RMlk=.mp4,ZDFheute Nachrichten
1544,RTJ4UDRCOVVzVzg=.mp4,ZDFheute Nachrichten
1545,ZmVoek5vRFVJQzQ=.mp4,BILD TV
1546,NVo5elJzQ3JNRzA=.mp4,ZDFheute Nachrichten
1547,NDd2ZkpMaURXNDg=.mp4,BILD TV
1548,ZzNQamhmRElGemM=.mp4,WELT
1549,OGh4ZVFRcmt1RzQ=.mp4,ZDFheute Nachrichten
1550,WEJScm5KQTVIYkU=.mp4,ZDFheute Nachrichten
1551,dENXZGJTWVhwd1k=.mp4,ZDFheute Nachrichten
1552,YkpubVFnajBQMkE=.mp4,ZDFheute Nachrichten
1553,MUE1TmxJbHc5TFE=.mp4,ZDFheute Nachrichten
1554,WWY0aDkyd3E3R2M=.mp4,BILD TV
1555,cklJQ0dBc2l6eGs=.mp4,ZDFheute Nachrichten
1556,MnF4aEtnLTdMdHc=.mp4,ZDFheute Nachrichten
1557,ZHNNclRBcUcwSEU=.mp4,WELT
1558,MVhBc2RCWTRvYkU=.mp4,BILD TV
1559,engzbUtneVZTbzQ=.mp4,ZDFheute Nachrichten
1560,VXBkXzQzb2JMWTg=.mp4,BILD TV
1561,WFFIeFl0X2txdFE=.mp4,WELT
1562,STc1UU52ZXlFeEk=.mp4,BILD TV
1563,QkNYcUhFSlJ5T0E=.mp4,WELT
1564,bWhQTDlxV2RObEE=.mp4,ZDFheute Nachrichten
1565,X3dzVGFzcmVobUk=.mp4,BILD TV
1566,Zk40ZVN5MG01SzA=.mp4,BILD TV
1567,OTFubk5mcnRoVTg=.mp4,BILD TV
1568,YTNvMk5udzZiNmM=.mp4,ZDFheute Nachrichten
1569,R1hkYm5WQzZxWW8=.mp4,ZDFheute Nachrichten
1570,ZjdVbUlncEFQcHM=.mp4,ZDFheute Nachrichten
1571,RzBtR29zaEVVeE0=.mp4,WELT
1572,UGRWbTQ0bHZZd1U=.mp4,ZDFheute Nachrichten
1573,MDNDT21tNXI3bTQ=.mp4,BILD TV
1574,SnVtbWI5b1pRSzA=.mp4,WELT
1575,cm9ZdUtQSXVXenc=.mp4,BILD TV
1576,TG0tbUhCczhIY0k=.mp4,WELT
1577,SlFBZjZMSGwzYVk=.mp4,ZDFheute Nachrichten
1578,NFNjZDNyNUF2dlk=.mp4,ZDFheute Nachrichten
1579,RjBuNHhkYWl0Wk0=.mp4,ZDFheute Nachrichten
1580,eHhhXy15MWgyUHM=.mp4,BILD TV
1581,Z1NhUTJTZWVnZnc=.mp4,ZDFheute Nachrichten
1582,RzRCd3c4Z3NmNGM=.mp4,BILD TV
1583,MW9kcXZvMXpLekk=.mp4,BILD TV
1584,V3NRaF8wVXJFUlU=.mp4,BILD TV
1585,SEpZRUtUVUMwVFU=.mp4,BILD TV
1586,Um1LekRvN09yMFE=.mp4,BILD TV
1587,LW1uMWtscXJYUkU=.mp4,ZDFheute Nachrichten
